:1000000000400020250F0000110E000073020000C8
:10001000B9020000BD02000005030000190F000036
:10002000190F0000190F0000190F00004D03000008
:1000300051030000190F0000550300005903000090
:10004000692A000065200000712000007D2000006A
:100050008920000095200000A1200000AD200000B4
:10006000B9200000C52000001D0E00001D21000069
:100070002D210000011F0000A525000075220000B1
:1000800095220000290E0000350E0000410E0000F0
:10009000ED22000001230000A5220000B52200008F
:1000A000C5220000D92200004D0E0000590E0000AC
:1000B000650E0000710E00007D0E0000A917000003
:1000C000D5170000311F0000890E0000950E0000BA
:1000D000A10E0000AD0E0000B90E0000C50E00001C
:1000E0003D210000111F000085220000D10E0000FC
:1000F000190F0000311C0000DD0E0000D1200000AF
:10010000DD200000190F000001150000B1150000EE
:100110002116000009170000B51C0000211F000077
:10012000E90E0000F50E00004D210000010F000057
:100130000D0F00006903000000B583B000F0BEFBA6
:10014000374B384A1360384A1360384B384A03E05B
:1001500052F8041B43F8041B36498B42F8D3314B49
:100160001A68354B9A4200D0FEE72F4B1A68334B82
:100170009A42F9D12A4B324A1360324A1360324B09
:1001800002E0002243F8042B304A9342F9D32C4B6F
:100190001B6813B92B4B1B6803B1FEE700F09AFBF9
:1001A000694601A800F064FB294B2A4A9B1A9B1060
:1001B0001D4600231A4607E0264B144653F822300A
:1001C0009847234601331A469542F5DC224B234AD1
:1001D0009B1A9B101D4600231A4607E01F4B14462E
:1001E00053F822309847234601331A469542F5DCEE
:1001F0000099019803F0F4FC0546194B194A9B1A23
:100200009B101C4606E0631E1A461C46154B53F80D
:1002100022309847002CF6DC284600F005FB00BF92
:10022000BABADECA000000209803002000000020B7
:100230004CAC00009C03002078563412325476985F
:1002400000040020580D0020000400205C0D002058
:1002500028080000280800002808000028080000DE
:10026000280800002808000008B5FFF765FF00BE59
:10027000FEE71EF0040F0CBFEFF30880EFF30980D8
:100280007146364A10472DE9F04182B080460C464F
:10029000074B5E6B9F6B9D6A064800F0F1FA009475
:1002A0003B4632462946404600F018FB00BEFEE7BA
:1002B00000ED00E09075000000BEFEE71EF0040FA8
:1002C0000CBFEFF30880EFF309807146244A104712
:1002D0002DE9F04182B080460C46084B5E6B9F6B67
:1002E0009D6A074800F0CCFA00943B463246294606
:1002F000404600F0F3FA00BEFEE700BF00ED00E06C
:10030000A07500001EF0040F0CBFEFF30880EFF3A0
:1003100009807146134A10472DE9F04182B08046AA
:100320000C46084B5E6B9F6B9D6A074800F0A8FA6D
:1003300000943B4632462946404600F0CFFA00BEC4
:10034000FEE700BF00ED00E0AC75000000BEFEE778
:1003500000BEFEE700BEFEE7704700008702000017
:0A036000D102000019030000FEE7BF
:08036C007049000001000000CF
:100800004CAC0000000000209C030020740300009A
:100810000000001000000010000400205C0D00200B
:080820000000001000000010B0
:10082800FEE7000008B503460C4A12685AB10B4AA5
:100838001068033323F003030344094A934206D89C
:10084800064A136008BD054A06491160EFE705F03E
:100858007FFB0C2303604FF0FF30F3E70404002014
:10086800003C00205C0D002001230360014B0B605D
:10087800704700BF040000200FB400B583B004AB7C
:1008880053F8042B01938021074805F055FD0028F3
:1008980004DC03B05DF804EB04B07047014602487D
:1008A80000F004F8F5E700BF100400204FF0FF3017
:1008B8007047000008B500F04BF9024A024B9A60F5
:1008C80008BD00BF0000000000ED00E008B500F022
:1008D8007BF808BDF8B504460D4616461F4627485E
:1008E800FFF7CAFF21682648FFF7C6FF6168254859
:1008F800FFF7C2FFA1682448FFF7BEFFE16823485D
:10090800FFF7BAFF21692248FFF7B6FF616921485E
:10091800FFF7B2FFA1692048FFF7AEFFE1691F4862
:10092800FFF7AAFF1E48FFF7A7FF29461D48FFF754
:10093800A3FF1D4CE16A1D48FFF79EFF216B1C4871
:10094800FFF79AFFE16B1B48FFF796FF15F0800F42
:100958000AD115F4004F0CD11748FFF78DFF0699FF
:100968001648FFF789FFF8BD31461548FFF784FFA1
:10097800EFE739461348FFF77FFFEDE7747400008F
:100988008474000094740000A4740000B47400001F
:10099800C4740000D4740000E4740000F47400000F
:1009A800047500001075000000ED00E020750000DF
:1009B8003075000040750000707500007875000003
:1009C80050750000607500001A4B1B8803F0030384
:1009D800022B14D007D873B1012B03D1164B174A39
:1009E8001A6070477047032B04D1154B1A68124BD5
:1009F8001A6070477047104B104A1A6070470D4ACA
:100A08001388938903F03F030C4901FB03F3928990
:100A180002F0C002402A0BD0802A00D19B08054A68
:100A2800928912F4807F00D05B08034A13607047F4
:100A38005B08F4E700800240980400200024F400DA
:100A48009404002008B50A284AD04FF000010A464D
:100A580023D8052852D011D8022852D007D8002808
:100A680053D001283ED14FF4006211463AE00328E2
:100A78004FD0042836D10022F02133E008284CD08A
:100A880006D806284CD007282CD13022F02129E09E
:100A9800092827D15022F02124E0102843D010D86B
:100AA8000D2843D006D80B2843D00C281AD1802211
:100AB800F02117E00E283FD00F2813D1B022F021E3
:100AC80010E013283BD006D811283BD0122809D1B2
:100AD8000122032106E0142804D10322114601E073
:100AE8006022F02172B6194803889BB223EA0103F9
:100AF8001A43028062B6FFF767FF08BD1022F02193
:100B0800F0E700224FF48071ECE702464FF40061F1
:100B1800E8E74FF480721146E4E74022F021E1E76C
:100B28002022F021DEE7C022F021DBE79022F0212D
:100B3800D8E77022F021D5E7A022F021D2E70222DF
:100B48000321CFE700220321CCE700BF0080024049
:100B580008B572B61D4B1E4A9A604FF4E0225A62DD
:100B6800BFF36F8FBFF34F8F62B61A4A4CF6143338
:100B78009381138A9BB243F003031382154B1B8A9C
:100B880013F4007FFAD0144B1A8892B222F00302B1
:100B980092B21A8000221A8041F210029A808822AA
:100BA8009A818F221A824FF4C0729A820120FFF72D
:100BB80049FF084A4CF614339381138A9BB223F0F9
:100BC80008039BB21382FFF7FFFE08BD00ED00E0AB
:100BD80000000000002400400080024070B5044678
:100BE800FFF7F2FE072C17D8022C22D2012C28D8A6
:100BF800194B9B8803F03F03012B25D0164A938895
:100C080003F03F010D46938813F0800F21D08B0825
:100C18001D46124B1E4614E0083CE4B2072C10D8BF
:100C28000F4B1B681E460C4B9B8803F03F031D4669
:100C380007E00B4B1B681E46074B9B88C3F3052335
:100C48001D46B6FBF5F070BD01231D46034B1E463D
:100C5800F7E7024B1E46F4E7008002400087930343
:100C680098040020002204281ED00BD802281DD08A
:100C780004D8E8B101280CD180220AE0032808D161
:100C8800102206E0062816D0072816D0052800D11D
:100C9800042272B699B10D498B8A9BB223EA0203EA
:100CA8008B8262B6002070470822F2E72022F0E724
:100CB8004FF48072EDE70222EBE70122E9E70349EE
:100CC8008B8A9BB213438B82EBE700BF0080024004
:100CD80008B54FF0000C6246072813D8022819D22D
:100CE800012802D8CA014FF0800C72B60B498B88D4
:100CF8009BB223EA0C031A438A8062B6FFF764FEAC
:100D0800002008BD0838C0B20728EED80A464FF0C0
:100D18003F0CEAE70A024FF47C5CE6E700800240F9
:100D280010B5144649B10A460023022808D841B232
:100D380059BB00284AD08E4608E00223244AF4E72B
:100D4800032825D143F004034FF0000E72B6DFF8F4
:100D580084C044F65901ACF804104FF27B21ACF87A
:100D68000410BCF8001089B221F003010843ACF864
:100D7800000019490869034323EA0E030B61EFF3E6
:100D88001181630183F3118811E04FF0040EDDE750
:100D98004FF0000EDAE7114BB3F8983003F00E036A
:100DA800002BF8D1BFF34F8F30BF62B672B61378FD
:100DB800002BF0D00023137081F31188064A1369C1
:100DC80023F002031361BFF34F8F62B6002010BDFA
:100DD800900400200024004000ED00E000250040C1
:100DE800034610B101221A70704772B6044A13699B
:100DF80023F002031361BFF34F8F62B6014BF1E793
:100E080000ED00E090040020684620F007018D46C0
:100E180001B4FEE7684620F007018D4601B4FEE7FD
:100E2800684620F007018D4601B4FEE7684620F0C9
:100E380007018D4601B4FEE7684620F007018D469C
:100E480001B4FEE7684620F007018D4601B4FEE7CD
:100E5800684620F007018D4601B4FEE7684620F099
:100E680007018D4601B4FEE7684620F007018D466C
:100E780001B4FEE7684620F007018D4601B4FEE79D
:100E8800684620F007018D4601B4FEE7684620F069
:100E980007018D4601B4FEE7684620F007018D463C
:100EA80001B4FEE7684620F007018D4601B4FEE76D
:100EB800684620F007018D4601B4FEE7684620F039
:100EC80007018D4601B4FEE7684620F007018D460C
:100ED80001B4FEE7684620F007018D4601B4FEE73D
:100EE800684620F007018D4601B4FEE7684620F009
:100EF80007018D4601B4FEE7684620F007018D46DC
:100F080001B4FEE7684620F007018D4601B4FEE70C
:100F1800684620F007018D4601B4FEE7684620F0D8
:100F280007018D4689B500AF0A4B1B6883F3088813
:100F3800094A44F6590393804FF27B239380138820
:100F48006FEA43436FEA53439BB2138002F044FEB7
:100F5800FEE700BF000000000024004072B643789E
:100F680053B14FF4006242F00802C1688B68134322
:100F78008B6062B6002070471A46F4E772B6437871
:100F880053B14FF4805242F01002C1688B6813438A
:100F98008B6062B6002070471A46F4E7002204E02E
:100FA8005B00037049000132D2B21F2A0CD80378C3
:100FB80083EA116C1CF0800FF2D05B00DBB2037087
:100FC80083F007030370EDE7704770B582B00646FB
:100FD8000D4601238DF80730002406E056F824104A
:100FE8000DF10700FFF7DAFF0134AC42F6D39DF8A4
:100FF800070002B070BD10B58446426C836C0B20AC
:1010080010700021517002249470DCF80CE00EF18D
:10101800700EC2F80CE01474032454749174D174E3
:101028004FF0010E82F814E00C221A70597083F800
:1010380002E0DCF80C206C329A6083F811E01C7432
:101048009974D97483F814E000F04EFE10B141F29F
:101058000B5010BD01460C2000F046FE0028F8D0C9
:1010680041F20B50F5E7000072B6064BD0F80CC001
:10107800CCF800310A60C3680020C3F8000162B6EA
:10108800704700BFAFA587DE72B60B68136062B603
:101098000020704710B50446406C51B18160426031
:1010A80000F07EFE034660B9002284F84C20184602
:1010B80010BD00F0F7FE03460028F5D041F20B53AF
:1010C800F2E741F20B53EFE738B50446806C79B18B
:1010D8001546C160426000F063FE034608B141F264
:1010E8000B53A4F85450002284F84D20184638BDFC
:1010F80000F0D8FE03460028F5D041F20B53F2E782
:10110800C3790B7000207047437823B190F84D30B5
:1011180013B1012300E001230B700020704772B661
:10112800C268536843F00103536062B600207047F9
:10113800C3685B6813F0010F13D172B6C268936875
:1011480023F4006323F00803936062B672B6C268A2
:10115800936823F4805323F01003936062B6002051
:10116800704741F20F507047C268536823F001037B
:10117800536072B6C268936823F4805323F0100357
:10118800936062B6C268136823F4F03323F4807363
:1011980013600020704738B504460D46037A53B9EA
:1011A8000878E3681A6E82420CD15A6E6B889A42AC
:1011B8000BD1002038BD084650F8041B090CFFF776
:1011C80004FFEEE741F21050F4E741F21050F1E766
:1011D80001720020704701610020704703690B60AD
:1011E8000020704741610020704743690B60002070
:1011F8007047000070B50646002505601E4C4FF488
:101208007A73236141F64C5363611C4BE3600121FF
:101218000846FFF727FD1A4B4FF480225A604FF417
:1012280000225A604FF480125A604FF400125A603C
:10123800144B6364144BA3644FF48063A4F85830D0
:101248004FF00003A4F85A50A4F856502565A4F8A6
:1012580054502372A37001226272E56125626562AF
:10126800E5626563E56323762046FFF7C4FE10B99F
:1012780001222270346070BDA404002000000840E0
:1012880000E100E01C0500200405002000200329DF
:101298000ED007D801291ED002290CD13320DFF83F
:1012A80068C008E0042906D13520DFF860C002E0F4
:1012B8003420DFF85CC093B1DCF800301343CCF87D
:1012C800003000F01702400901239340114A42F808
:1012D8002030002070473220DFF83CC0EBE7DCF814
:1012E800003023EA0203CCF80030DCF80030002B91
:1012F800EFD100F017024009012393402030054A3E
:1013080042F82030E5E700BF900008409800084008
:101318009400084000E100E08C000840032913D045
:1013280007D801290BD002290CD1094BC3F8A420F6
:1013380008E0042906D1064BC3F8AC2002E0044BB0
:10134800C3F8A02000207047014BC3F8A820F9E794
:101358000000084070B504460E46002B42D01146E6
:101368001D46012343702265B0F85820AA422ED3A7
:101378002A46FFF7A9FE0023A4F856301C4B012289
:101388005A60314651F8042B120C2046FFF782FEB2
:10139800174B4FF000421A600025A571E571A58032
:1013A800E3685D662046FFF7D9FD2046FFF7E6FDB6
:1013B80072B6892203212046FFF7B0FF0123892254
:1013C80003212046FFF762FF62B6284670BDFFF78B
:1013D8007BFEB4F85830EB1AA4F856300023A4F872
:1013E8005C30CBE74370012380F84D30C9E700BF7C
:1013F80000E100E070B582B004460E46FFF7AAFF90
:10140800C0B90123A370A3791BB9A3889BB2002B91
:10141800F9D0A3889BB293B90223A3700023237643
:101428002046FFF77CFE054690B90323A370637A34
:101438005BB137E005462046FFF796FE05E02046FB
:10144800FFF792FEA08883B21D46284602B070BD01
:101458002046FFF789FEF8E70DF107012046FFF760
:101468004FFE034634E062B60423A370A3889BB200
:10147800002B35D12046FFF75BFE0546002836D104
:10148800A07031462046FFF786FE0546DDE762B6C6
:10149800002BE9D19DF80730002BE5D1A3889BB23A
:1014A800002BE1D1002204F118010120FFF738FCDC
:1014B80072B600238DF807300DF107012046FFF7BB
:1014C80023FE03460028E2D19DF80720002AC3D155
:1014D800002BC8D19DF80720002AD8D12276D6E75C
:1014E8002046FFF741FEA3889BB21D46ADE7204684
:1014F800FFF73AFEA9E7000070B52A4BDA68D2F880
:10150800A030D2F88C2013F0010401D002F00104BD
:1015180013F0020F04D012F0020F01D044F00204BD
:1015280013F0040F04D012F0040F01D044F00404A7
:1015380013F0080F04D012F0080F01D044F008048B
:1015480013F0100503D012F0100500D0102513F089
:10155800200F04D012F0200F01D045F0200513F021
:10156800400F04D012F0400F01D045F040050D4B5C
:101578005E6A4EB144EA05030A4A926A134203D0EE
:10158800002211460748B047064E00232A4601218B
:101598003046FFF77BFE224601213046FFF7BEFEAC
:1015A80070BD00BFA404002010B51A4BDA68D2F849
:1015B800A430D2F8902013F0010401D002F0010405
:1015C80013F0020F04D012F0020F01D044F002040D
:1015D80013F0040F04D012F0040F01D044F00404F7
:1015E80013F0080F04D012F0080F01D044F00804DB
:1015F800084BDB6A3BB1074A126B224203D0002238
:10160800114604489847224602210248FFF786FE01
:1016180010BD00BFA404002070B5374BDA68D2F8BB
:10162800A830D2F8942013F0010405D012F0010478
:1016380002D031490120C87113F0020F04D012F012
:10164800020F01D044F0020413F0040F04D012F08A
:10165800040F01D044F0040413F0080506D012F07A
:10166800080503D0244901208871082513F0100FBC
:1016780004D012F0100F01D045F0100513F0200F20
:1016880004D012F0200F01D045F0200513F0400FD0
:1016980008D012F0400F05D044F04004164941F23A
:1016A8000850888013F0800F08D012F0800F05D002
:1016B80044F08004104B41F207529A800F4E304696
:1016C800FFF78EFBF36953B144EA0501A6F118024E
:1016D800926B114203D00022A6F118009847064EDB
:1016E80000232A4603213046FFF7D0FD2246032176
:1016F8003046FFF713FE70BDA4040020BC04002090
:1017080070B5264BDA68D2F8AC30D2F8982013F0CE
:10171800010401D002F0010413F0020F04D012F00A
:10172800020F01D044F0020413F0040F04D012F0A9
:10173800040F01D044F0040413F0080507D012F098
:10174800080504D0154941F20A508880082513F08D
:10175800100F08D012F0100F05D045F010050F4BF0
:1017680041F209529A800D4BDE6B4EB145EA0403F3
:101778000A4A126C134203D0002211460748B047A8
:10178800064E0023224604213046FFF77FFD2A46F5
:1017980004213046FFF7C2FD70BD00BFA40400203D
:1017A80008B5084B4FF00042C3F88020064B0122D1
:1017B80083F84C209A71DB691BB10022114602485C
:1017C800984708BD00E100E0A404002070B5344B40
:1017D800B3F854201646B3F85620002A4BD0B3F875
:1017E8005C3063B32E4B196DB3F8583001EB4300EE
:1017F80005462C4801609A421BD8294B0021A3F8C2
:101808005610274B0021A3F85C10264B1968244872
:10181800FFF75AFC244B01221A70244C2046FFF78C
:10182800DFFAA36823B12A463146A4F11800984785
:1018380070BDD21A1A49A1F856201A46E1E7184B8A
:10184800196D08460D46B3F8581000EB41011548CC
:101858000160B3F85A309A4207D811490020A1F81C
:1018680056000F49A1F85C30CFE7D21A0C49A1F80D
:1018780056201A46F5E70C4B1B786BB1094B1B68D1
:101888001D4601230A4AC2F88430054A82F84D30C1
:10189800054B00221A70C0E7014B1B6D1D46F0E78F
:1018A800A4040020A00400209C040020BC04002004
:1018B80000E100E008B500231A460249FFF79AFD47
:1018C80008BD00BF0C80000030B583B00546022378
:1018D80001AA1349FFF78EFD08B103B030BDBDF86A
:1018E8000630BDF804209B1A4FF0804191FBF3F1BC
:1018F80001314C080B4901FB03F31B130133920020
:10190800C2EB630202F5003207492846FFF7ACFB39
:101918000028E2D1224605492846FFF7A5FBDCE767
:10192800CC7F0000C7B1FFFF1C0108401801084028
:1019380030B583B0044603236A461549FFF75AFDBC
:101948000346C0B9BDF80430BDF802209B1A114AFD
:1019580092FBF3F212F0010F10D05208531C1D46EF
:10196800BDF80020C2F5004292000B492046FFF75F
:101978007BFB034628B1184603B030BD53081D460B
:10198800EEE72A4605492046FFF76EFB0346F2E7D5
:10199800747F000000805525100108400C010840A4
:1019A80008B500231A460249FFF724FD08BD00BF09
:1019B800647F000070B582B004464FF420621C4971
:1019C800FFF752FB00231A461A492046FFF712FD7B
:1019D800064610B1304602B070BD174BD3F88050A0
:1019E800ADF804504FF4C06211492046FFF73CFBA4
:1019F80000231A4611492046FFF7FCFC064600283A
:101A0800E8D10D4BD3F88000ADF80600A9B2C1F5B6
:101A1800004303EB4302D20280B2401A92FBF0F279
:101A2800A2F6FF32521002492046FFF71DFBD1E70C
:101A380024010840987E0000000008407C7E0000D9
:101A480030B583B004460D4601A9FFF7C7FB08B1BE
:101A580003B030BD69462046FFF7C7FB0028F7D121
:101A6800019B4FF4D86202FB03F35B00009AB3FBBF
:101A7800F2F301335B0803F500632B60E8E700002D
:101A88002DE9F0418CB0044602A9FFF7A7FB0546F3
:101A980018B128460CB0BDE8F08101A92046FFF72F
:101AA800A4FB05460028F4D169462046FFF7C8FF85
:101AB80005460028EDD14FF480424C492046FFF7F7
:101AC800D3FA00224A492046FFF7CEFA002308E05D
:101AD800484A52F823100CAA02EB830242F8241C4D
:101AE8000133082BF4D9009B03F12A430593012104
:101AF8002046FFF76DFB00231A4603A92046FFF78F
:101B080079FC054600212046FFF762FB002D41D0F5
:101B1800002DBED1384BD3F88030A3F500431F46C3
:101B280000231A4635492046FFF764FC054600287D
:101B3800AFD1314BD3F88020C2F50042B303B3FBD9
:101B4800F8F303EB82022A492046FFF78DFA0023B7
:101B58001A462B492046FFF74DFC0546002898D128
:101B6800254BD3F88010C1F50041019B9B03029AD5
:101B7800B3FBF2F33A4603FB02F292FBF1F243465F
:101B880003FB02F202F50052920B18492046FFF7B8
:101B98006BFA7EE7184BD3F88030C3F500439B00FF
:101BA8001E461A4612492046FFF75EFA00231A46D7
:101BB80014492046FFF71EFC054600287FF469AF4C
:101BC8000D4BD3F88030A3F500430F4AB2FBF3F373
:101BD80098461A4605492046FFF746FA00231A4652
:101BE8000A492046FFF706FC054691E7040108402C
:101BF80008010840407F000000000840DC7E00002B
:101C0800C07E0000207F00000080AA12007F000034
:101C180072B6426893889BB201F47C410B4393806F
:101C280062B600207047000010B500241E4B1B78D8
:101C3800002B31D01C4BDB6873B372B61A4B5B6850
:101C48009A881B889BB2134003F47C4262B612F454
:101C5800004F26D113F4804F01D044F4804413F48C
:101C6800005F01D044F4005413F4805F01D044F4C1
:101C7800805413F4006F01D044F4006413F4806FAF
:101C880001D044F48064084B1B8A234204D00648E0
:101C9800C36800222146984721460348FFF7B8FF4A
:101CA80010BD4FF40044D5E73405002008B50D4BAE
:101CB80001221A725A68516B1B785BB1CAB2094B80
:101CC800DB683BB10748007C104203D00022C9B250
:101CD80004489847034B5B681A6B5A63BFF34F8FEE
:101CE80008BD00BF4805002010B50C460121814001
:101CF80072B6284A536843F00103536062B6264B14
:101D08001B78002B35D0002C35D0012C39D172B678
:101D1800204A936B0B43936362B632E04FEA0C1E82
:101D28001E4A02EB0C10002342F80E304360836019
:101D380002F580720EEB020042F80E3043608360B9
:101D48000CF1010CBCF10F0FE8DD124B134A9A603D
:101D580000221A625A629A62DA621A635A639A63B2
:101D68004FF6FF72DA63FF22DA640B4B01221A7016
:101D7800C9E79C46E6E772B6064AD36B0B43D363C2
:101D880062B672B6044A53680B43536062B60020C9
:101D980010BD00BF000001405C05002000060020C7
:101DA8004378CBB903783B4A02EB0312836813608C
:101DB800C368536072B6037C022B12D9191FC9B2CB
:101DC800022915D8D2F800C041680139043B99406E
:101DD800ACEB010111600BE003782F4A02EB031210
:101DE800E4E7D2F800C041680139994061441160C4
:101DF800437C022B0DD9191FC9B2022910D8D2F879
:101E080004C041680139043B9940ACEB01015160C1
:101E180006E0D2F804C04168013999406144516034
:101E280062B6417C037C9B0643EA8173817843EA6E
:101E38000163C17C43EA81334168013943EA0113F4
:101E4800017D0B439360027801239340027C032AAF
:101E580013D9124AC2F81038427C032A11D90F4A02
:101E6800C2F818380E4A92681A420ED00B4AC2F8C5
:101E780000380A4A936200207047084AC2F81438AA
:101E8800EAE7064AC2F81C38ECE7044AC2F8043804
:101E9800EFE700BF00060020000700200000014017
:101EA8005C05002000B503780C4A02EB03120121FF
:101EB800994072B6936823F47F5C2CF03F0C43681A
:101EC80003F1FF3E037D43EA0E1343EA0C039360DC
:101ED80062B6034B9962002000BD00BF00060020D7
:101EE8000000014008B543681B889BB283611C3021
:101EF800FEF776FF08BD000008B50248FFF7F2FFBD
:101F080008BD00BF0C00002008B50248FFF7EAFF33
:101F180008BD00BF2C00002008B50248FFF7E2FF0B
:101F280008BD00BF4C00002008B50248FEF758FF66
:101F380008BD00BF68000020084B1A68511C1960D2
:101F480042B100207047054B03EBC20300215960E2
:101F5800996001320A2AF6DDF3E700BF0008002085
:101F68000138012383409BB2014A13860020704741
:101F78000024004072B632B183889BB20B43838041
:101F880062B60020704783889BB2C94309B20B40F0
:101F98008380F5E772B632B183899BB20B438381A4
:101FA80062B60020704783899BB2C94309B20B40CF
:101FB8008381F5E772B632B103899BB20B43038183
:101FC80062B60020704703899BB2C94309B20B402F
:101FD8000381F5E701830020704781830020704763
:101FE80030B587B086460C460DF1040C194D0FCD5F
:101FF800ACE80F002B68CCF80030174B03EBCE038E
:102008005D6835B1144B03EBCE0300222146986876
:10201800A847A4F12F03012B17D8002203E0038D52
:102028009BB20BE00132042A12D806AB03EB820301
:1020380053F8140C2F2CF2D0838D9BB2B0F830C01B
:1020480013EA0C03EED00386ECE72046FFF788FF7F
:1020580007B030BD308000000008002008B501211D
:102068000020FFF7BDFF08BD08B502210120FFF7DA
:10207800B7FF08BD08B503210220FFF7B1FF08BD6F
:1020880008B504210320FFF7ABFF08BD08B50521FB
:102098000420FFF7A5FF08BD08B506210520FFF7B6
:1020A8009FFF08BD08B507210620FFF799FF08BD67
:1020B80008B508210720FFF793FF08BD08B50921D7
:1020C8000820FFF78DFF08BD08B52F210920FFF76D
:1020D80087FF08BD08B530210A20FFF781FF08BD3A
:1020E80038B5C3689D8B01229A81436883B1044641
:1020F800ADB215F0010F03D0002201218068984786
:1021080015F0020F04D0636800220221A0689847E6
:1021180038BD000008B50248FFF7E2FF08BD00BF60
:102128005C08002008B50248FFF7DAFF08BD00BFC9
:102138006C08002008B50248FFF7D2FF08BD00BFB1
:102148007C080020104B1B78E3B10F4BDB68CBB148
:1021580010B572B60C4B5B681B8903F0010362B6BD
:102168006BB91C46084B1B692146234203D006481D
:10217800C36800229847044B5B681C8110BD01238B
:102188001C46EFE7704700BF8C080020827CA2B98C
:1021980008B50346C0681B8A012907D01946FFF70E
:1021A80019FF003818BF012048B908BD1946FFF7C4
:1021B80014FF003818BF0120F6E70020704740F6EA
:1021C8000540F2E710B5044643681988C1F3420296
:1021D800C2F1040292B2C1F3022100E01A46531E72
:1021E8009BB282B1626A002AF8D0A069626800785E
:1021F8001081A26994F820000244A261626A013A3F
:102208006262EBE719464B1E9BB279B1A26A002ABB
:10221800F8D062689188E2691170E26994F8211037
:102228000A44E261A26A013AA262EBE7A36A83B9AF
:10223800636A73B9012384F82C302378022B0BD0FE
:10224800637A012B0CD0236C1BB100221146606C01
:10225800984763681B8810BD2046FFF797FFEFE794
:1022680004F11500FEF7BCFDEDE7000008B50248D3
:10227800FFF7A8FF08BD00BFA008002008B5024866
:10228800FFF7A0FF08BD00BFF408002008B502480A
:10229800FFF798FF08BD00BF4809002008B5024BAA
:1022A800DB6B0220984708BDA008002008B5024B48
:1022B800DB6B0320984708BDA008002008B5034B36
:1022C800D3F890300420984708BD00BFA00800202C
:1022D80008B5034BD3F890300520984708BD00BFD8
:1022E800A008002008B5034BD3F8E4300020984735
:1022F80008BD00BFA008002008B5034BD3F8E430A0
:102308000120984708BD00BFA008002001F00E0179
:10231800C17270472DE9F04104460E469046837A13
:10232800002B41D0878B438BFF1A3FB23946974227
:10233800A8BF1146002308E06069628B551C6583BD
:10234800825C06F8012B01331BB28B42F4DB474554
:1023580010DAA8EB010212B20023638308E0606977
:10236800618B4D1C6583415C06F8011B01331BB270
:102378009342F4DB94F9003003F01F005B0901225B
:1023880002FA00F01849203341F82300E38B9BB28E
:10239800A3EB08039BB2E38394F9003003F01F001A
:1023A8005B09824041F82320A37AD3B10020BDE81D
:1023B800F08115F0010F0BD163689B8A9DB2D9B2E9
:1023C80003F00E03002BF4D02046FFF79FFFF0E741
:1023D80063681B8806F8013B01373FB24745EBDBD2
:1023E800E4E71F46FAE700BF00E100E070B5837A32
:1023F800002B53D0038D848C1B1B1BB21E469E469C
:102408009342A8BF964600230BE0B0F824C00CF115
:102418000104848411F8014B056A05F80C40013366
:102428001BB27345F1DB964214DAA2EB0E0C0FFADD
:102438008CFC002383840BE0848C04F1010EA0F84B
:1024480024E011F801EB056A05F804E001331BB23A
:102458006345F1DB90F9003003F01F0E5B0901249E
:1024680004FA0EFEDFF860C020334CF823E0438DF9
:102478009BB29B1A9BB24385D0F804E0BEF80430A7
:102488009BB243F00203AEF8043090F9003003F039
:102498001F0E5B0904FA0EF44CF82340837A83B1CB
:1024A800002070BD4368B3F814C01CF0200FF9D0A9
:1024B80011F801CBA3F800C00EF1010E7245F1DC52
:1024C800EEE79E46FAE700BF00E100E090F9003031
:1024D80003F01F015B09012202FA01F1DFF828C0AD
:1024E80020334CF82310002343830383C383C3841E
:1024F8008384038D438590F9003003F01F015B0945
:102508008A404CF82320704700E100E0F8B5044603
:1025180015461A461F46837A5BB35AB100F1140672
:10252800237AC3B13289B5F900309A420BDA40F602
:10253800085012E000F12006F2E7002204F1110130
:102548000120FEF7EDFB728992B2B5F900309A428C
:10255800F3DB002001E04FF45060237A5BB9728905
:1025680012B2B5F900309342A8BF13462B80002061
:1025780001E04FF45060A37A53B9237A03B10020E5
:1025880033B937B163689B8A03F001032B800020BD
:10259800F8BD63689B8AC3F34013F7E708B52E4B71
:1025A80059680A8912F0010F0BD193B203F00603A0
:1025B800042B11D0062B05D0022B2BD02748FEF771
:1025C8000FFC08BD8B8AD9B203F00E03002BF5D09F
:1025D8002148FFF79BFEF1E71F4AD38B9BB2928BF2
:1025E800934212D01C4B1B8B9A420FD008881A4A70
:1025F8005169138B03F1010CA2F818C0C854D38B8E
:102608009BB201339BB2D383D8E7FEE7124B00227B
:102618001A83EBE7104BD88C1A8D904201D3002017
:10262800D8840D4B5B8D9BB29A420ED90A4A106A28
:10263800D38C03F1010CA2F826C0C35C0B80538D28
:102648009BB201339BB25385B8E78B889BB223F0CA
:1026580002039BB28B80B1E76C0000207D00002054
:1026680070B504460D4616460023FFF74FFF00B12C
:1026780070BDB6F9002029462046FFF7B7FEF7E7F8
:1026880070B504460D4616460123FFF73FFF00B11B
:1026980070BDB6F9002029462046FFF73BFEF7E754
:1026A80008B543689A8A12F0010F00D01A8893F887
:1026B800302012F0010F03D19A8A12F0400FF6D0A1
:1026C800FFF704FF002008BD30B5A1B004460D4651
:1026D8007E221B49684603F00BFD0420FEF77EFAB4
:1026E800184B98420CD0184B98421FD0174B984261
:1026F80023D105EB4501490054316A460A4403E0F9
:1027080005EB45010DEB4102636811881985B2F9A3
:102718000430528843EAC22362686FEA43436FEA8F
:1027280053439BB29384002021B030BD05EB450391
:102738005B002A336A461A44E6E740F60450F3E79A
:10274800448000000024F40040420F00002D3101B5
:102758002DE9F8430546884600230B602C231E4FBD
:1027680003FB007762B1114600227A740A687A6125
:102778008A88BA838A683A62CA883A850122BA7214
:102788003846FFF7A3FEDFF850902C2303FB05F52E
:1027980009EB050401266670217C3846FFF794FF93
:1027A8006368A2899A816368E2891A82C8F800700E
:1027B80031460320FEF756FA636883F8306019F94A
:1027C800053003F01F025B099640044A42F8236073
:1027D8000020BDE8F88300BF6C00002000E100E0A5
:1027E80001290BD0022918D0F9B9426893899BB204
:1027F80023F038039BB29381084670474268938957
:102808009BB223F030039BB29381426893899BB2B9
:1028180043F00803938100207047426893899BB274
:1028280043F0380393810020704740F60450704706
:1028380003290BD8426893899BB223F003039BB208
:102848009381426893899BB2194391810020704714
:1028580008B559B1426892F8303003F0FE0382F8A7
:1028680030300320FEF7FEF9002008BD426892F8D8
:10287800303043F0010382F83030F2E7817269B1F9
:10288800426893889BB243F001039380426893881F
:102898009BB243F0040393800020704742689388FA
:1028A8009BB223F001039BB29380EFE701720020F3
:1028B800704770B505460C460978FFF705FF0646D0
:1028C80008B1304670BDA1782846FFF7B1FF06462B
:1028D8000028F6D161782846FFF782FF06460028CF
:1028E800EFD1E1782846FFF7E1FF06460028E8D156
:1028F80021792846FFF7C2FFE3E70000024690F976
:10290800013003F01F005B09012181402033034897
:1029180040F82310002050701070704700E100E06C
:1029280083789BB1134BB3F8983003F00E03002B58
:10293800F8D172B6A1B10F4AB2F888309BB243F011
:102948006003A2F8883062B600207047094BB3F8DC
:10295800983003F00E03002BEBD040F608107047B8
:10296800044AB2F888309BB223F020039BB2A2F845
:102978008830E8E70025004083786BB10B4BB3F84B
:10298800983003F00E03002BF8D1084B4CF6CC42DC
:10299800A3F88C2000207047044BB3F8983003F05C
:1029A8000E03002BF1D040F60810704700250040B8
:1029B80010B5034600EB4002DFF888C002EB0C00BC
:1029C8004FF0000EC1F800E04FF0010484700CF8DD
:1029D80002E01D4AB2F8982012F0100F17D11A4AD7
:1029E800B2F8882012F0200F11D1184A03EB430CDB
:1029F80002EB4C0E32F81CC0134AA2F880C0BEF895
:102A080002C0A2F888C04FF0000CA2F890C00D4A8E
:102A180003EB430302EB030C4FF00A0E8CF801E0C2
:102A2800DFF82CC04FF4806ECCF800E04FF0010CBA
:102A380002F803C00860FFF79FFF00B910BD40F619
:102A48000510FBE79C09002000250040C480000019
:102A580000E100E001F01F0143681986002070477B
:102A680010B50B4A51688B8D03F01F03098D0B407D
:102A7800147C1C40137833B1D36823B11CB10022F5
:102A880021460348984721460148FFF7E3FF10BD58
:102A9800A009002010B5B0F9002092B2B0F902C028
:102AA8001FFA8CFCB0F9041089B2B0F9060080B2A4
:102AB800194B33F81C30194C34F81040DFF860E03B
:102AC8003EF812E023434EEA030E164BA3F858E0F3
:102AD800154C34F81CC0154C34F810E0144830F884
:102AE80012004CEA0E0C40EA0C00A3F85C001148F6
:102AF80030F81100A3F898000F4830F81110A3F827
:102B08009C100E4931F81210A3F8D8100C4931F86E
:102B18001220A3F8DC2010BD640C0020E40B002078
:102B2800640B002000000240240C0020A40B0020AD
:102B3800240B0020640A0020240A0020E40A002054
:102B4800A40A002000231F2B00F3A28030B59AE0CE
:102B58004FF0010E0EFA01F1084380B20132042A47
:102B68000FDCC2F1040143FA01FE1EF0010FEFD0A1
:102B78004FF0010E0EFA01F14CEA010C1FFA8CFC21
:102B8800ECE7444A22F813C0434A22F81300002213
:102B98001046944605E0012101FA0EF1084380B27F
:102BA8000132042A10DCC2F10A0EC2F1040143FA10
:102BB80001F111F0010FEED0012101FA0EF14CEAFA
:102BC800010C1FFA8CFCEBE7344A22F813C0344A94
:102BD80022F8130013F0100F08D04FF0000E4FF436
:102BE800005401224FF0000C65460AE04FF4005EE5
:102BF8000024F6E7012181404CEA01011FFA81FC1B
:102C08000132042A0DDCC2F11000C2F1040143FABA
:102C180001F111F0010FEDD00121814029438DB25E
:102C2800EEE7204A22F813501F4A22F813C01F4A21
:102C380022F813401E4A22F813E000221046944658
:102C480005E0012101FA0EF1084380B20132042A9D
:102C580010DC02F1070EC2F1040143FA01F111F090
:102C6800010FEED0012101FA0EF14CEA010C1FFA16
:102C78008CFCEBE70F4A22F813C00F4A22F8130026
:102C880001331F2B03DC00221046944667E730BD52
:102C9800704700BF640C0020240C0020E40B0020C7
:102CA800A40B0020640B0020240B0020E40A002061
:102CB800A40A0020640A0020240A002008B58446DB
:102CC80008461146002301E001335BB2012B12DCF8
:102CD8003CF91320002AF7D14FEA830E0EF1020EB9
:102CE8003CF90E20002AEFDCEEDB00222CF8132042
:102CF8002CF80E20E8E7002305E03CF913E020F863
:102D080013E001335BB2032BF7DD042204F084FAED
:102D180008BD00002DE9F84F81460F461C462C4996
:102D2800104601F0F9FD214601F0AAFE044602F022
:102D380077F98246204602F037F90146834601F0CA
:102D4800E3FC8046002400252E4612E0414630462A
:102D580001F0E2FD294601F0D5FC054639F91400D9
:102D680001F086FD0146284601F0CEFC01343546C7
:102D78000646BC42EADB5946284601F0CDFD01462D
:102D8800304601F0BFFC06465146284601F0C4FD16
:102D980004463146304601F0BFFD0546214620462F
:102DA80001F0BAFD0146284601F0AEFC02F076F9C2
:102DB8000446384601F05CFD01464FF08A4001F0B8
:102DC8005FFE214601F0A8FD01F0F6FEBDE8F88F90
:102DD800DB0FC94009B308B50B464FEAE07EA0FBFC
:102DE80002C102FB0E1149011A46DB174FEA4C10CB
:102DF80041EADC6101F006FF013041F100014008C1
:102E080040EAC17049104FF0FF3383424FF000038E
:102E18008B4101D26FF0004008BD08467047A1B34E
:102E280008B50A46C1174FEA411E4EEAD06E4FEA6E
:102E3800401CBCEB000C6EEB010E4FEA8E0E4EEA06
:102E48009C7E4FEA8C0C1CEB000041EB0E014FEA14
:102E5800C10C4CEA507CC1004FEA4C1CD31700024D
:102E68004CEAD16101F0CEFE013041F10001400889
:102E780040EAC17049104FF0FF3383424FF000031E
:102E88008B4101D26FF0004008BD08467047000032
:102E980008B500292CDAC1F3030CCCF1000C5FFA59
:102EA8008CF300226CF3030241F31B1C6CF31F121A
:102EB80011F00F0F05D02CF0704C0CF1010C6CF3D5
:102EC8001F120F2A09D803F00F0340F2712203FBE7
:102ED80002F20D4903F08AF914E003F00F0340F2FF
:102EE800712101FB03F31211084903F07FF909E08E
:102EF80001F00F0340F2712202FB03F30A110349A8
:102F080003F074F908BD00BFBC750000C47500006B
:102F180010B582B0044603F0DBF9ADF806000DF1F8
:102F280006022146024B1868FFF79AFB02B010BD53
:102F3800B809002010B586B01D4B03930223ADF8E5
:102F480010301C4B05936423ADF8123003AA1A49BC
:102F58000020FFF7FDFBF8B904238DF800300123AA
:102F68008DF803308DF8043000238DF801300322EA
:102F78008DF802208DF8053069460F4B1868FFF769
:102F880098FC68B901210C4B1868FFF761FC0446EE
:102F980050B9204606B010BD084800F01DFFDBE719
:102FA800074800F019FFEDE7064800F015FFF0E7C5
:102FB800200A0020BC090020B8090020CC750000B8
:102FC800E47500000C7600002DE9F047F0B00746E4
:102FD800884600242CE03C4B03EBC40253F83450E1
:102FE80051688906394A0023A80641EA951101F07B
:102FF80059FE01F02DFB0022354B01F0A9F901F033
:103008005DFB0546334B53F82420334901A803F0F0
:10301800EDF845F01845314BDD60314A1A61012160
:103028003846FEF7D5F80025002D06DD013464B2D8
:103038000E2CD0DD70B0BDE8F08704236EAA41469F
:103048003846FEF7D7F900283AD168AE32466CA95F
:103058006EA8FFF733FE022266A9304604F010F985
:1030680048F26C1266996798FFF7B4FE82460EAE76
:1030780032220021304603F046F80DF16C094FF476
:1030880096720021484603F03EF8164A1649304623
:1030980003F0ACF801A9304603F00BF95146484655
:1030A800FFF7F6FE4946304603F003F90F4930466C
:1030B80003F0FFF83046FFF72BFF01356DB2B3E799
:1030C8000B48FFF725FFC0E7D08000000024F4007C
:1030D8000000E03F980000202C76000074010020DA
:1030E800FD05009E507600005C76000060760000CA
:1030F8003076000030B5E5B00446002559953222F7
:1031080029464CA802F0FFFF4FF49672294601A801
:1031180002F0F9FF042362AA1C492046FEF76AF967
:1031280010B11B48FFF7F4FE5CAC224660A962A808
:10313800FFF7C4FD02225AA9204604F0A1F8002492
:10314800002C12DD01AD59992846FFF7A1FE4CACC1
:103158002946204603F0ADF80E49204603F0A9F8A9
:103168002046FFF7D5FE65B030BD631C64AA02EBAC
:10317800840502EB830353F8281C5A98FFF74FFE87
:1031880045F82C0C013464B2DAE700BFF0020020E5
:10319800647600006076000030B5E3B004460D4662
:1031A800322200214BA802F0AEFF4FF496720021A4
:1031B800684602F0A8FF042360AA29462046FEF7C5
:1031C80019F910BB5AAC22465EA960A8FFF776FD34
:1031D800022258A9204604F053F848F26C12589974
:1031E8005998FFF7F7FD01466846FFF751FE4BACCB
:1031F8006946204603F05DF80649204603F059F871
:103208002046FFF785FE63B030BD0348FFF780FE18
:10321800D8E700BF60760000307600002DE9F04363
:10322800ADF51D7D80461746082A0CD0102A1CD003
:10323800202A02D14FF4707907E04248FFF768FE70
:103248004FF0000901E04FF030093F48FFF760FEFA
:1032580001214046FDF7BCFF4FF4A07200214CA8A5
:1032680002F051FF002426463BE04FF0E009ECE76E
:10327800364800EBC400FFF70DFC04B186B93449A9
:10328800344B4B60A0234CAA4046FEF7B3F8002805
:1032980041D1314B314AA0214CA8FFF73BFD0646EE
:1032A8002B492F4B4B60A0234CAA4046FEF7A2F8AF
:1032B800A8BB294B294AA0214CA8FFF72BFD48F2AF
:1032C8006C123146FFF786FD014601AD2846FFF72F
:1032D800DFFD2449284602F0ECFF2846FFF718FED8
:1032E8000134A1451FD94FF49672002101A802F0BC
:1032F8000AFF082FBCD0102F05D0202F07D01A485E
:1033080000EBC400B7E7194800EBC400B3E7164860
:1033180000EBC400AFE71648FFF7FAFDB9E7154818
:10332800FFF7F6FDC5E700214046FDF751FF1248BB
:10333800FFF7EEFD114B1868FFF7B2F90DF51D7D8B
:10334800BDE8F0837C7600009876000048A600006F
:10335800D0010020020000A000401C480050434754
:10336800080200A0E076000048810000489F0000A5
:10337800A8760000C0760000E4760000B8090020B6
:103388002DE9F043ADF51D7D80461746082A0CD07F
:10339800102A1CD0202A02D14FF4707907E0424845
:1033A800FFF7B6FD4FF0000901E04FF030093F4844
:1033B800FFF7AEFD01214046FDF70AFF4FF4A0726A
:1033C80000214CA802F09FFE002426463AE04FF068
:1033D800E009ECE7364800EBC400FFF75BFB04B1FB
:1033E80086B93449344B4B60A0234CAA4046FEF7BB
:1033F80001F8002840D1314B314AA0214CA8FFF7F1
:1034080089FC06462B492F4B4B60A0234CAA40460B
:10341800FDF7F0FFA0BB294B294AA0214CA8FFF7D4
:1034280079FC01463046FFF7FAFC014601AD284613
:10343800FFF72EFD2449284602F03BFF2846FFF7F8
:1034480067FD0134A1451FD94FF49672002101A8E8
:1034580002F059FE082FBDD0102F05D0202F07D01D
:103468001A4800EBC400B8E7194800EBC400B4E7F9
:10347800164800EBC400B0E71648FFF749FDBAE765
:103488001548FFF745FDC6E700214046FDF7A0FEB9
:103498001248FFF73DFD124B1868FFF701F90DF5CB
:1034A8001D7DBDE8F08300BF7C76000098760000A3
:1034B80048A60000D0010020020000A000401C48DF
:1034C80000504347080200A0E07600004881000051
:1034D800489F0000A8760000C0760000E47600004F
:1034E800B809002000B583B03C48FDF783FE0028EA
:1034F80047D14FF47A71394B1868FDF76CFE0028F4
:1035080043D148F2E801354B1868FDF76BFE0028F7
:103518003FD1324B1868FEF7CDF900283DD12F4B2B
:103528001868FEF705FA00283BD12C4B1868FEF7FF
:10353800CBF9002839D1294B1868FEF731FA002851
:1035480037D16A462649254B1868FDF79DFD0028A6
:1035580033D1009A2349214B1868FDF785FD0028CF
:103568002FD101AA20491D4B1868FDF78DFD60BBBE
:10357800019A1E49194B1868FDF776FD48BB03B040
:1035880000BD1B4800F028FCB3E71A4800F024FCF3
:10359800B7E7194800F020FCBBE7184800F01CFC0E
:1035A800BDE71748FFF7B4FCBFE71648FFF7B0FCC4
:1035B800C1E7154800F010FCC3E7144800F00CFC04
:1035C800C7E7134800F008FCCBE7124800F004FCFA
:1035D800CEE7114800F000FCD1E700BFB409002095
:1035E8000C01084004010840100108400801084087
:1035F800E8760000047700002C770000547700007C
:103608007C77000094770000A8770000DC77000042
:103618001C7800005C7800009C780000F0B5FBB0D6
:10362800002220217048FEF7C5FC002860D1012245
:1036380020216D48FEF79EFC00285DD10122202143
:103648006948FEF7A7FC00285AD100224FF4006110
:103658006548FEF7AFFC002856D101224FF40061FF
:103668006148FEF787FC002852D101224FF400611F
:103678005D48FEF78FFC00284ED100224FF48051A0
:103688005A48FEF797FC00284AD101224FF480518E
:103698005648FEF76FFC002846D101224FF48051AE
:1036A8005248FEF777FC002842D1002240215048BA
:1036B800FEF780FC00283FD1012240214C48FEF74C
:1036C80059FC00283CD1012240214948FEF762FC00
:1036D800002839D10EAC4FF4C8720021204602F000
:1036E80012FD444A4449204602F080FD002494E03B
:1036F8004248FFF70DFC9AE74148FFF709FC9DE7B0
:103708003E48FFF705FCA0E73C48FFF701FCA4E7AB
:103718003C48FFF7FDFBA8E73848FFF7F9FBACE7A3
:103728003648FFF7F5FBB0E73748FFF7F1FBB4E79A
:103738003248FFF7EDFBB8E73048FFF7E9FBBBE796
:103748003248FFF7E5FBBEE72C48FFF7E1FBC1E78E
:103758002F48FFF7DDFB93E001AF33462A462D499A
:10376800384602F043FD39460EA802F0A2FD8FE06C
:103778002248FFF7CDFB93E02548FFF7C9FB9AE005
:1037880001AF33462A462349384602F02FFD394611
:103798000EA802F08EFD96E01848FFF7B9FB9AE0F4
:1037A8001B48FFF7B5FBA1E001AF33462A4619498C
:1037B800384602F01BFD39460EA802F07AFD9DE05E
:1037C8000E48FFF7A5FBA1E01148FFF7A1FBA8E011
:1037D80001AF33462A460F49384602F007FD3946FD
:1037E8000EA802F066FDA4E040000240C0000240BE
:1037F80080000240A47900005C760000DC780000BC
:10380800047900002C790000547900007C790000CC
:10381800C0790000E47900000134042C00F395809D
:103828003222002101A802F06EFC4A4B03EBC403CC
:1038380093E803007AAB03E9030076AA464B03EB4F
:10384800C40393E8030082E8030074AA434B03EB24
:10385800C40393E8030082E8030072AA404B03EB19
:10386800C40393E8030082E80300789DBDF8E4618F
:10387800002231462846FEF79DFB00287FF468AFFA
:10388800012231462846FEF775FB00287FF464AF15
:10389800012231462846FEF77DFB00287FF468AFF9
:1038A800769DBDF8DC61002231462846FEF782FB92
:1038B80000287FF461AF012231462846FEF75AFB03
:1038C80000287FF45DAF012231462846FEF762FBEF
:1038D80000287FF461AF749DBDF8D46100223146A1
:1038E8002846FEF767FB00287FF45AAF01223146CD
:1038F8002846FEF73FFB00287FF456AF01223146E9
:103908002846FEF747FB00287FF45AAF729DBDF8A2
:10391800CC61002231462846FEF74CFB00287FF494
:1039280053AF012231462846FEF724FB00287FF4D6
:103938004FAF012231462846FEF72CFB00283FF402
:103948006BAF0848FFF7E4FA66E70EA8FFF7E0FA5E
:103958007BB0F0BD4C01002024010020FC000020B9
:10396800D4000020DC78000010B582B0FEF7E4FA3D
:10397800002830D1FFF752FE2548FDF73BFC002810
:103988002DD1234B1868FDF795FF60BB204B1868B5
:10399800FEF706F858BB1E4B1868FEF771F850BBC7
:1039A8001B4B1868FEF706F848BB1A4B1A4ADA6030
:1039B8001A4A1A61164C01212068FDF709FC0423F4
:1039C8006A4617492068FDF715FDE0B91548FFF765
:1039D8009FFA02B010BD1448FFF79AFACAE71348D5
:1039E800FFF796FACDE71248FFF792FACEE71148AB
:1039F800FFF78EFACFE71048FFF78AFAD0E70F48AB
:103A0800FFF786FAD1E70E48FFF782FADEE700BF34
:103A1800B409002044020020999901988BEF009E78
:103A2800A00200207C7A0000F0790000007A0000F3
:103A3800107A0000207A00003C7A0000507A0000DA
:103A48006C7A000030B585B0FEF776FA002864D1AC
:103A5800FFF7E4FD4B48FDF7CDFB002861D14FF49B
:103A68007A71484B1868FDF7B6FB00285DD148F21B
:103A7800E801444B1868FDF7B5FB002859D1414BC4
:103A88001868FDF717FF002857D13E4B1868FDF757
:103A98004FFF002855D13B4B1868FDF715FF00284C
:103AA80053D1384B1868FDF77BFF002851D102AA83
:103AB8003549344B1868FDF7E7FA00284DD1029ACA
:103AC8003249304B1868FDF7CFFA002849D103AACC
:103AD8002F492C4B1868FDF7D7FA002845D1039ACF
:103AE8002C49284B1868FDF7BFFA002841D12A4C09
:103AF8002A4BE3602A4B2361224D01212868FDF7F8
:103B080067FB6A4600230093019304232146286833
:103B1800FDF770FC88BB05B030BD2248FFF7F8F907
:103B280096E72148FFF7F4F999E72048FFF7F0F9FD
:103B38009DE71F48FFF7ECF9A1E71E48FFF7E8F9F2
:103B4800A3E71D48FFF7E4F9A5E71C48FFF7E0F9EC
:103B5800A7E71B48FFF7DCF9A9E71A48FFF7D8F9E8
:103B6800ADE71948FFF7D4F9B1E71848FFF7D0F9DE
:103B7800B5E71748FFF7CCF9B9E71648FFF7C8F9D2
:103B8800C9E700BFB40900200C010840040108403F
:103B98001001084008010840440200209999019842
:103BA800FD05009EF0790000907A0000987A0000E8
:103BB800A87A0000107A00007C7700009477000053
:103BC800207A0000B87A0000E07A0000087B000044
:103BD800307B00005C7B000070B582B000F054FBC5
:103BE800FCF7B6FF614AD36823F4E0631B041B0C9F
:103BF80043F0BF6343F40133D36001210920FDF78B
:103C080067F8E0B901210420FDF762F8D8B900F09F
:103C1800FBF8FEF797FF00F0D3F8FFF78BF9B0B980
:103C28005348FFF775F95348FFF772F95248FFF701
:103C38006FF95248FFF76CF90026344641E05048C6
:103C480000F0CAF8DEE74E4800F0C6F8DFE74D4856
:103C580000F0C2F8E4E76A780D2A41D14A48FFF734
:103C680057F9FFF7EFFE0126344626E0474A527817
:103C78000D2A37D14648FFF74BF9FFF733FC0126E9
:103C880002241AE0414A52780D2A2DD14148FFF703
:103C98003FF9FFF7D7FE012603240EE03B4A52788E
:103CA8000D2A23D13C48FFF733F9FFF75DFE0126C3
:103CB800042402E03948FFF72BF9394B1868FEF75E
:103CC800EFFC0EBB0223ADF80630304D0DF10602B5
:103CD8002946334B1868FEF7D3FC2B78612BBAD0F2
:103CE800622BC3D0632BCDD0642BD7D0652BE1D109
:103CF800264B5B780D2BDDD12A48FFF709F9FFF732
:103D080033FE01260524D8E72748FFF701F904E028
:103D18002649274B1868FFF73FFA012CF8D0022CE8
:103D280009D0032C0DD0042C12D0052C17D0214813
:103D3800FFF7EEF8F1E720491D4B1868FFF744F943
:103D4800EBE7082219491A4B1868FFF767FAE4E706
:103D580010221A49164B1868FFF712FBDDE71749BE
:103D6800134B1868FFF7C6F9D7E700BF00ED00E06E
:103D7800AC7B0000C47B0000D07B0000387C0000D6
:103D88006C7B00008C7B0000507C0000200A002027
:103D9800747C0000987C0000AC7C0000007D000072
:103DA800B8090020E07C0000647D0000FC010020D0
:103DB800B4090020807D000074010020F00200207A
:103DC800024B4FF420421A60002070470000024066
:103DD80008B50020FCF724FD00B585B0084B93E832
:103DE80003000290ADF80C10090C8DF80E10054B6D
:103DF8001B68ADF804301B0C8DF80630FFF7E8FFA0
:103E0800FC7D0000047E000000B583B001A90020FD
:103E1800FEF7CEFD50B901460198FEF781FD40B985
:103E28000198FEF76BFD38B903B000BD0448FFF7F1
:103E3800D3FF0448FFF7D0FF0348FFF7CDFF00BFCB
:103E4800087E0000407E00005C7E00000A4B10B532
:103E58000446186818B183690BB902F0BFF8132C2F
:103E680007D8064850F83430013302D000EBC400BC
:103E780010BD0020FCE700BF34030020B00C002078
:103E8800F8B5431C054609D102F062F8132406462A
:103E9800002720463946ABBE044634602846F8BDA4
:103EA800F8B5054602F054F81324064600272046C4
:103EB8003946ABBE044634602846F8BD30B585B0F7
:103EC800CDE901010392062401AD20462946ABBE87
:103ED80004462046FFF7D4FF05B030BD70B50E4646
:103EE8001546FFF7B3FF044630B902F031F809234D
:103EF80003604FF0FF3070BD2A4631460068FFF777
:103F0800DDFF431C1FBF6368281A1B186360F2E7B4
:103F1800F7B50C461646FFF799FF054640B902F07B
:103F280017F8092303604FF0FF34204603B0F0BDB3
:103F3800022E03D902F00CF81623F3E7012E12D152
:103F48004368E418F6D42B680A26CDE900346F4696
:103F580030463946ABBE06463046FFF791FF00288B
:103F6800E1DB6C60E1E7022EEDD1036802AF47F8B0
:103F7800083D0C2630463946ABBE06463046FFF7AC
:103F88007FFF431CCFD00444DDE7FFF7C1BF30B546
:103F980085B0CDE901010392052401AD20462946EB
:103FA800ABBE04462046FFF76BFF05B030BD70B5C9
:103FB8000E461546FFF74AFF044630B901F0C8FF20
:103FC800092303604FF0FF3070BD2A463146006870
:103FD800FFF7DDFF021EF5DB6368A81A0344AA4257
:103FE8006360F1D1BDE870400020FFF759BF37B5D5
:103FF80002AD45F8040D022420462946ABBE04460E
:104008002046FFF73DFF03B030BD000038B5054638
:10401800FFF71CFF044630B901F09AFF092303603B
:104028004FF0FF3038BD013D012D09D8094B9A6882
:104038001B699A4204D14FF0FF3303600020F1E777
:104048002068FFF7D4FF0028ECD14FF0FF3323603E
:10405800E8E700BFB00C002070B50C46FFF7F6FE8D
:10406800064630B901F074FF092303604FF0FF30B2
:1040780070BD63680C2543F4005363604FF480639C
:10408800636428463146ABBE05462846FFF7F8FE6E
:10409800431C1CBF20610020EAE738B50D460446E2
:1040A80058220021284602F02EF82046002100F070
:1040B80011F8431C04460BD06B68294643F40143AE
:1040C8006B60FFF7C9FF05462046FFF79FFF2C46A8
:1040D800204638BD2B4B2DE9F04782460E46002579
:1040E800984696B053F83540EF00611C36D001353C
:1040F800142DF7D101F02CFF18234FF0FF34036083
:104108003CE040F20163C6F30044B20748BF44F004
:1041180002041E4218BF44F00404330748BF24F0C9
:104128000404504648BF44F00804CDF800A002F04B
:10413800CFF8CDE90140012420464946ABBE0446EC
:10414800002C06DB0023474448F835407B602C46AA
:1041580014E02046FFF7A4FE04460FE006F42063AF
:10416800B3F5206FE946CCD149465046FFF795FF95
:104178000130C6D001F0ECFE11230360204616B0D2
:10418800BDE8F087B00C00202DE9F74307468846C4
:10419800294800211546FFF79DFF04462A460021BD
:1041A800384601F0B0FF631C15D02046FFF74EFEDD
:1041B8000C26814630464946ABBE06463046FFF7D8
:1041C8005FFE032802DD0338A84208DC2046FFF71B
:1041D8001DFF4FF0FF34204603B0BDE8F0830422F2
:1041E80020460DEB0201FFF779FE0328EEDD9DF86E
:1041F8000430532BEAD19DF80530482BE6D19DF8C1
:104208000630462BE2D19DF80730422BDED1012241
:1042180041462046FFF77CFE0028D7DB2A46394670
:104228002046FFF75BFE05462046FFF7EFFE2846CF
:10423800FFF726FE0446CEE7C8A7000037B50021E1
:104248000122094D094C01A829602260FFF79CFF53
:10425800002807DD9DF8043003F0010203F0020393
:104268002A60236003B030BD280300202C030020FF
:1042780010B5044C2268002A01DAFFF7DFFF206836
:1042880010BD00BF2C0300202DE9F04F03230024AC
:10429800DFF8AC9085B0CDF804900DF104080393D5
:1042A8000125029428464146ABBE0546204A2346CE
:1042B8004FF0FF3114461F4E356042F8331001337A
:1042C800142BFAD1FFF7D4FF1B4DD0B14FF0030ADE
:1042D8000423CDF804900127CDF80CA002933846AA
:1042E8004146ABBE8346154BCDF80490C3F800B0E9
:1042F8000823CDF80CA0029338464146ABBE0746CA
:104308002F602B68013302BF0C4B1B682B6033688E
:10431800002623606660FFF7ABFF30B1074B1B68D0
:10432800C4E902362B68C4E9043605B0BDE8F08F4D
:10433800B00C0020A80C0020A40C0020AC0C00201D
:10434800DEA7000081F0004102E000BF83F00043D7
:1043580030B54FEA41044FEA430594EA050F08BF18
:1043680090EA020F1FBF54EA000C55EA020C7FEADC
:10437800645C7FEA655C00F0E2804FEA5454D4EB59
:104388005555B8BF6D420CDD2C4480EA020281EA23
:10439800030382EA000083EA010180EA020281EA5B
:1043A8000303362D88BF30BD11F0004F4FEA0131AD
:1043B8004FF4801C4CEA113102D0404261EB4101BC
:1043C80013F0004F4FEA03334CEA133302D0524242
:1043D80063EB430394EA050F00F0A780A4F10104FE
:1043E800D5F1200E0DDB02FA0EFC22FA05F2801838
:1043F80041F1000103FA0EF2801843FA05F359411E
:104408000EE0A5F120050EF1200E012A03FA0EFC9C
:1044180028BF4CF0020C43FA05F3C01851EBE371C6
:1044280001F0004507D54FF0000EDCF1000C7EEBE3
:1044380000006EEB0101B1F5801F1BD3B1F5001F21
:104448000CD349085FEA30004FEA3C0C04F1010440
:104458004FEA445212F5800F80F09A80BCF1004F69
:1044680008BF5FEA500C50F1000041EB045141EAEB
:10447800050130BD5FEA4C0C404141EB010111F4EC
:10448800801FA4F10104E9D191F0000F04BF014697
:104498000020B1FA81F308BF2033A3F10B03B3F175
:1044A80020020CDA0C3208DD02F1140CC2F10C0205
:1044B80001FA0CF021FA02F10CE002F11402D8BF63
:1044C800C2F1200C01FA02F120FA0CFCDCBF41EA2F
:1044D8000C019040E41AA2BF01EB0451294330BDFE
:1044E8006FEA04041F3C1CDA0C340EDC04F11404DB
:1044F800C4F1200220FA04F001FA02F340EA0300B2
:1045080021FA04F345EA030130BDC4F10C04C4F1F7
:10451800200220FA02F001FA04F340EA03002946D7
:1045280030BD21FA04F0294630BD94F0000F83F421
:10453800801306BF81F480110134013D4EE77FEA04
:10454800645C18BF7FEA655C29D094EA050F08BF50
:1045580090EA020F05D054EA000C04BF1946104631
:1045680030BD91EA030F1EBF0021002030BD5FEA75
:10457800545C05D14000494128BF41F0004130BD9D
:1045880014F580043CBF01F5801130BD01F00045F1
:1045980045F0FE4141F470014FF0000030BD7FEA64
:1045A800645C1ABF194610467FEA655C1CBF0B465F
:1045B800024650EA013406BF52EA033591EA030F76
:1045C80041F4002130BD00BF90F0000F04BF00216E
:1045D800704730B54FF4806404F132044FF00005A1
:1045E8004FF0000150E700BF90F0000F04BF00211A
:1045F800704730B54FF4806404F1320410F0004580
:1046080048BF40424FF000013EE700BF42004FEA7A
:10461800E2014FEA31014FEA02701FBF12F07F43F7
:1046280093F07F4F81F06051704732F07F4208BFAE
:10463800704793F07F4F04BF41F40021704730B5B5
:104648004FF4607401F0004521F000411CE700BF01
:1046580050EA010208BF704730B54FF000050AE084
:1046680050EA010208BF704730B511F0004502D585
:10467800404261EB41014FF4806404F132045FEA87
:10468800915C3FF4D8AE4FF003025FEADC0C18BF30
:1046980003325FEADC0C18BF033202EBDC02C2F122
:1046A800200300FA03FC20FA02F001FA03FE40EAB4
:1046B8000E0021FA02F11444BDE600BF4A0011D2EF
:1046C80012F5001211D20DD56FF47873B3EB625264
:1046D8000ED44FEAC12343F0004343EA505323FA70
:1046E80002F070474FF00000704750EA013002D1E5
:1046F8004FF0FF3070474FF00000704780F00040E7
:1047080002E000BF81F0004142001FBF5FEA4103A1
:1047180092EA030F7FEA226C7FEA236C6AD04FEAA1
:104728001262D2EB1363C1BFD218414048404140E6
:10473800B8BF5B42192B88BF704710F0004F40F498
:10474800000020F07F4018BF404211F0004F41F4B4
:10475800000121F07F4118BF494292EA030F3FD080
:10476800A2F1010241FA03FC10EB0C00C3F1200393
:1047780001FA03F100F0004302D5494260EB400022
:10478800B0F5000F13D3B0F1807F06D340084FEA8D
:10479800310102F10102FE2A51D2B1F1004F40EB82
:1047A800C25008BF20F0010040EA030070474900EA
:1047B80040EB000010F4000FA2F10102EDD1B0FAB5
:1047C80080FCACF1080CB2EB0C0200FA0CF0AABFAA
:1047D80000EBC25052421843BCBFD0401843704748
:1047E80092F0000F81F4000106BF80F4000001324E
:1047F800013BB5E74FEA41037FEA226C18BF7FEA25
:10480800236C21D092EA030F04D092F0000F08BF66
:104818000846704790EA010F1CBF0020704712F04D
:104828007F4F04D1400028BF40F00040704712F18C
:1048380000723CBF00F50000704700F0004343F0F1
:10484800FE4040F4000070477FEA226216BF084627
:104858007FEA23630146420206BF5FEA412390EAEA
:10486800010F40F4800070474FF0000304E000BFE0
:1048780010F0004348BF40425FEA000C08BF704791
:1048880043F0964301464FF000001CE050EA010255
:1048980008BF70474FF000030AE000BF50EA01026A
:1048A80008BF704711F0004302D5404261EB410157
:1048B8005FEA010C02BF84460146002043F0B6437C
:1048C80008BFA3F18053A3F50003BCFA8CF2083AA1
:1048D800A3EBC25310DB01FA02FC634400FA02FCAA
:1048E800C2F12002BCF1004F20FA02F243EB0200B1
:1048F80008BF20F00100704702F1200201FA02FC13
:10490800C2F1200250EA4C0021FA02F243EB020005
:1049180008BF20EADC7070474FF0FF0C1CEAD05249
:104928001EBF1CEAD15392EA0C0F93EA0C0F6FD00A
:104938001A4480EA010C400218BF5FEA41211ED0E8
:104948004FF0006343EA501043EA5111A0FB0131D4
:104958000CF00040B1F5000F3EBF490041EAD371A9
:104968005B0040EA010062F17F02FD2A1DD8B3F125
:10497800004F40EBC25008BF20F00100704790F094
:10498800000F0CF0004C08BF49024CEA502040EAE6
:1049980051207F3AC2BFD2F1FF0340EAC2507047AC
:1049A80040F400004FF00003013A5DDC12F1190FEA
:1049B800DCBF00F000407047C2F10002410021FA5C
:1049C80002F1C2F1200200FA02FC5FEA310040F174
:1049D800000053EA4C0308BF20EADC70704792F0ED
:1049E800000F00F0004C02BF400010F4000F013A25
:1049F800F9D040EA0C0093F0000F01F0004C02BF20
:104A0800490011F4000F013BF9D041EA0C018FE78E
:104A18000CEAD15392EA0C0F18BF93EA0C0F0AD094
:104A280030F0004C18BF31F0004CD8D180EA0100BA
:104A380000F00040704790F0000F17BF90F0004F53
:104A4800084691F0000F91F0004F14D092EA0C0F35
:104A580001D142020FD193EA0C0F03D14B0218BFC8
:104A6800084608D180EA010000F0004040F0FE400E
:104A780040F40000704740F0FE4040F440007047AA
:104A88004FF0FF0C1CEAD0521EBF1CEAD15392EA29
:104A98000C0F93EA0C0F69D0A2EB030280EA010C19
:104AA80049024FEA402037D04FF0805343EA1111B2
:104AB80043EA10130CF000408B4238BF5B0042F110
:104AC8007D024FF4000C8B4224BF5B1A40EA0C00B5
:104AD800B3EB510F24BFA3EB510340EA5C00B3EBE7
:104AE800910F24BFA3EB910340EA9C00B3EBD10FD5
:104AF80024BFA3EBD10340EADC001B0118BF5FEA27
:104B08001C1CE0D1FD2A3FF650AF8B4240EBC2504F
:104B180008BF20F0010070470CF0004C4CEA502010
:104B28007F32C2BFD2F1FF0340EAC250704740F45F
:104B380000004FF00003013A37E792F0000F00F051
:104B4800004C02BF400010F4000F013AF9D040EACF
:104B58000C0093F0000F01F0004C02BF490011F463
:104B6800000F013BF9D041EA0C0195E70CEAD1535B
:104B780092EA0C0F08D142027FF47DAF93EA0C0F42
:104B88007FF470AF084676E793EA0C0F04D14B0226
:104B98003FF44CAF08466EE730F0004C18BF31F0D8
:104BA800004CCAD130F000427FF45CAF31F00043D2
:104BB8007FF43CAF5FE700BF4FEA4002B2F1FE4F1F
:104BC8000FD34FF09E03B3EB12620DD94FEA0023C7
:104BD80043F0004310F0004F23FA02F018BF4042A0
:104BE80070474FF00000704712F1610F01D1420287
:104BF80005D110F0004008BF6FF0004070474FF03B
:104C0800000070477BB972B90029BEBF00204FF081
:104C1800004106E008BF00281CBF6FF000414FF0BC
:104C2800FF3000F0BFB9ADF1080C6DE904CE0029E2
:104C380009DB002B1ADB00F04DF8DDF804E0DDE9B4
:104C4800022304B07047404261EB4101002B1BDB9B
:104C580000F040F8DDF804E0DDE9022304B040424A
:104C680061EB4101524263EB43037047524263EBED
:104C7800430300F02FF8DDF804E0DDE9022304B077
:104C8800404261EB41017047524263EB430300F03D
:104C980021F8DDF804E0DDE9022304B0524263EBB9
:104CA8004303704753B94AB9002908BF00281CBFFD
:104CB8004FF0FF314FF0FF3000F074B9ADF1080C40
:104CC8006DE904CE00F006F8DDF804E0DDE9022322
:104CD80004B070472DE9F0478C460446089E002B27
:104CE8004BD18A42154667D9B2FA82F24AB1C2F16B
:104CF800200701FA02F320FA07F7954047EA030C68
:104D080094404FEA154EBCFBFEF71FFA85F80EFBE0
:104D180017C307FB08F9210C41EA0343994509D950
:104D2800EB1807F1FF3180F01C81994540F2198199
:104D3800023F2B44A3EB0903B3FBFEF00EFB103339
:104D480000FB08F1A4B244EA0344A14209D92C1992
:104D580000F1FF3380F00781A14240F2048102385C
:104D68002C4440EA07400027641A1EB10023D440AF
:104D7800C6E900433946BDE8F0878B4209D9002EC1
:104D880000F0EC800027C6E9000138463946BDE846
:104D9800F087B3FA83F7002F48D18B4202D38242BF
:104DA80000F2FB80841A61EB030301209C46002E6D
:104DB800E0D0C6E9004CDDE702B9FFDEB2FA82F2C4
:104DC800002A40F08F800127491B4FEA15481FFA37
:104DD80085F9B1FBF8FE08FB1E1109FB0EF04FEA3E
:104DE800144C4CEA0143984207D9EB180EF1FF31F5
:104DF80002D2984200F2CD808E461B1AB3FBF8F01F
:104E080008FB103309FB00F9A4B244EA0344A145A6
:104E180007D92C1900F1FF3302D2A14500F2B68060
:104E28001846A4EB090440EA0E409EE7C7F12005A6
:104E3800BB4022FA05FC4CEA030C21FA05F44FEAC0
:104E48001C4EB4FBFEF91FFA8CF80EFB194420FA2D
:104E580005F3B94009FB08FA19430B0C43EA04446B
:104E6800A24502FA07F200FA07F30BD91CEB040477
:104E780009F1FF3080F08880A24540F28580A9F1D1
:104E880002096444A4EB0A04B4FBFEF00EFB1044D0
:104E980000FB08FA89B241EA0444A24508D91CEB90
:104EA800040400F1FF316BD2A24569D90238644489
:104EB80040EA0940A0FB0289A4EB0A044C4541469C
:104EC800CE4654D351D0002E69D05A1A64EB0E0442
:104ED80004FA05F522FA07F3FC401D43C6E900541D
:104EE800002747E79540C2F1200321FA03F04FEA73
:104EF8001548B0FBF8F71FFA85F908FB170024FAE4
:104F080003F3914007FB09FC0B43190C41EA0041EC
:104F18008C4504FA02F407D9691807F1FF3031D239
:104F28008C452FD9023F2944A1EB0C01B1FBF8F0C5
:104F380008FB101C00FB09FE99B241EA0C418E45A2
:104F480007D9691800F1FF3318D28E4516D90238EF
:104F58002944A1EB0E0140EA07473AE737463046B5
:104F680008E70F46E6E61846FBE64345ABD2B8EB42
:104F7800020169EB0C0201389646A4E71846E8E7F7
:104F8800084695E70746CFE781467BE702382C4479
:104F980047E7AEF1020E2B442FE7384607E73746BE
:104FA800E8E600BF704700BF00B51C4A20F0004388
:104FB800934283B018DDB3F1FF4F05DB0146FFF7DD
:104FC800A1FB03B05DF804FB694600F0B7F800F0F8
:104FD8000302012A0ED0022A18D092B101220199A7
:104FE800009800F097FEECE7002100F06DFA03B09E
:104FF8005DF804FB0199009800F08CFE00F1004078
:10500800DFE70199009800F05FFADAE70199009864
:1050180000F05AFA00F10040D3E700BFD80F493F2B
:1050280000B51D4A20F00043934283B019DDB3F167
:10503800FF4F05DB0146FFF765FB03B05DF804FB96
:10504800694600F07BF800F00300012810D0022820
:1050580019D090B10199009800F036FA00F100409B
:10506800EBE70022002100F055FE03B05DF804FBD9
:105078000199009800F028FADFE7012201990098C9
:1050880000F048FED9E701220199009800F042FE9D
:1050980000F10040D1E700BFD80F493FF0B58BB011
:1050A800044600F0BDF9234B064693F900506B1CEB
:1050B8000AD02146204602F099F8074620B9002177
:1050C800204602F06BF810B930460BB0F0BD012253
:1050D800194B2046CDE900230897FFF797FA0022DD
:1050E800CDE90401CDE902010023ADB1104619460E
:1050F80001F0CEFE022DCDE906010FD100F028FF08
:1051080021230360089B7BB9DDE9060101F0A8FFB4
:10511800064630460BB0F0BDCDE90623684600F0E0
:105128006FFE0028EED1E9E700F012FF089B03604C
:10513800EAE700BF30030020747E00002DE9F04F3D
:10514800AA4A20F00044944289B06FDDA84A064676
:1051580094420D461CDC002824F00F04A5496DDD9F
:10516800FFF7D0FAA44B06469C4200F0E980A34919
:10517800FFF7C8FA014630462960FFF7C3FA9F498E
:10518800FFF7C0FA01276860384609B0BDE8F08F1C
:105198009B4A944268DDB4F1FF4F80F2CA80E7155C
:1051A800863FA4EBC7542046FFF706FDFFF760FBD8
:1051B8000346204619460593FFF7A4FA4FF08741A6
:1051C800FFF7AAFB8046FFF7F7FCFFF751FB044601
:1051D800404621460694FFF795FA4FF08741FFF7BE
:1051E8009BFB0021079001F0CFFF002800F0DB8037
:1051F8002046002101F0C8FF002814BF0123022324
:10520800022080493A46CDE90001294605A800F068
:105218001FFA002E07460DDAD5E9002302F10042F5
:1052280003F1004347422A606B6003E00022002735
:1052380008604A60384609B0BDE8F08FFFF764FAA5
:105248006D4B06469C4200F09B806C49FFF75CFA68
:10525800014630462960FFF755FA6849FFF754FAC6
:105268004FF0FF376860E5E700F0CCFD66498046FF
:10527800FFF752FB4FF07C51FFF746FAFFF79CFC13
:105288000746FFF7F5FA5B498346FFF745FB0146FA
:105298004046FFF737FA594981465846FFF73CFB25
:1052A8001F2F8246014648465CDDFFF72BFA8046F1
:1052B800E215C8F3C753D31A082B5EDD5349584685
:1052C8000392FFF729FB804601464846FFF71AFA82
:1052D800014604464846FFF715FA4146FFF712FA19
:1052E80080464B495846FFF717FB4146FFF70AFA35
:1052F800014682462046FFF705FA039AC0F3C753D2
:10530800D21A192A804650DCA146286041464846F0
:10531800FFF7F8F95146FFF7F5F9002E686089DACA
:1053280008F1004800F10040C5F8008068607F423D
:1053380080E70146FFF7E6F900276860286079E70B
:105348003249FFF7DFF932490446FFF7DBF9014636
:1053580020462960FFF7D6F92D49FFF7D3F9012731
:10536800686067E7FFF7CEF92A4B7A1E53F82230B8
:1053780024F0FF029A4280469AD0C5F80080C5E71B
:105388002249FFF7C1F922490446FFF7BDF9014652
:1053980020462960FFF7B6F91D49FFF7B5F94FF028
:1053A800FF37686046E703232AE71B495846FFF79B
:1053B800B3FA804601462046FFF7A4F90146814624
:1053C8002046FFF79FF94146FFF79CF90446134929
:1053D8005846FFF7A1FA2146FFF794F9014682469D
:1053E8004846FFF78FF98046C7E700BFD80F493F07
:1053F800E3CB1640800FC93FD00FC93F4344353730
:10540800800F494398A8000084F9223F00443537AB
:1054180008A3852E18A8000000A3852E32318D24FC
:1054280020F00042B2F1FF4FF8B504463AD2C2B3B9
:10543800002803463DDBB2F5000F4FEAE0500AD2E0
:1054480014F4000201D03BE00A465B001C0202F1A2
:105458000101F9D5801A0026C3F316037F3843F4F7
:105468000002C1074FEA42034FF0190448BF9300F6
:1054780031464FF0807247108D189D4202DC5B1B4D
:10548800A9181644013C4FEA43034FEA5202F3D1EC
:1054980013B1013626F00106701000F17C5000EBC4
:1054A800C750F8BD0146FFF737FA2146FFF72CF938
:1054B800F8BD0146FFF726F90146FFF7E1FAF8BD06
:1054C8004FF0FF32C6E700BF2DE9F84320F0004552
:1054D800B5F1485F06460F4649DAFFF76DFB00282D
:1054E80000F0998031463046FFF716FA04464E49D7
:1054F800FFF712FA4D49FFF707F92146FFF70CFAB3
:105508004B49FFF7FFF82146FFF706FA4949FFF72D
:10551800FBF82146FFF700FA4749FFF7F3F8214661
:10552800FFF7FAF94549FFF7EFF82146FFF7F4F9D5
:1055380080464FF07C512046FFF7EEF9414605467C
:105548002046FFF7E9F9394604463046FFF7E4F903
:1055580001462046FFF7D6F801462846FFF7D2F85D
:1055680001464FF07E50FFF7CDF8BDE8F8830146BD
:10557800FFF7D2F904462C49FFF7CEF92B49FFF77C
:10558800C3F82146FFF7C8F92949FFF7BBF82146B8
:10559800FFF7C2F92749FFF7B7F82146FFF7BCF92B
:1055A8002549FFF7AFF82146FFF7B6F92349FFF77A
:1055B800ABF82146FFF7B0F9214B80469D42B8DD94
:1055C800204B9D422BDC05F17F4529464FF07E504C
:1055D800FFF798F881464FF07C512046FFF79CF979
:1055E8002946FFF78FF8414605462046FFF794F90C
:1055F800394604463046FFF78FF901462046FFF743
:1056080081F801462846FFF77DF801464846FFF72E
:1056180079F8BDE8F8834FF07E50BDE8F883DFF8ED
:105628002C90094DD7E700BF4ED747ADF6740F3120
:105638007CF29334010DD037610BB63AABAA2A3D00
:105648009999993E0000483F0000903E0000383F7D
:105658002DE9F04F1C46DDB00B91611E01910793B7
:105668006699C74B064653F821300493D31E48BFAA
:10567800131DDB1023EAE3714B1CA2EBC303059354
:10568800049A019B0991CF1AD31818D43B440025DA
:105698005C1C0DF18008DDF89C9108E059F82700A2
:1056A800FFF7E6F80137A74248F8040B07D0002FA8
:1056B800F4DA28460137A74248F8040BF7D1049BCF
:1056C800002BC0F2FD824FF00009079B321F9B00A0
:1056D8000499D518039220AA89000693D61849ABD5
:1056E800029103EB010848AF019B002BC0F29F8198
:1056F800B246CB46039C5AF8041D54F8040FFFF732
:105708000BF901465846FEF7FFFFAC428346F2D13B
:1057180047F804BB474506F10406E5D10699039806
:10572800029A01440D460DF1300AA2F108035344D0
:105738000A930BAB1344049C0893A3005CAA02933E
:10574800002C134453F850BC22DD57460DF59078D1
:1057580008EB84064FF06E515846FFF7DDF8FFF767
:105768002BFAFFF785F84FF087418146FFF7D4F809
:1057780001465846FEF7C6FFFFF71EFA56F8041D05
:1057880047F8040B4846FEF7BFFF46458346E1D17C
:10579800059F5846394600F07DFB4FF07851064684
:1057A800FFF7BAF800F032FB4FF08241FFF7B4F888
:1057B80001463046FEF7A6FF0646FFF7FDF9834689
:1057C800FFF756F801463046FEF79CFF002F0646C5
:1057D80040F3CF80611E5AF82130C7F1080843FA18
:1057E80008F202FA08F8A3EB0803C7F107084AF819
:1057F8002130934443FA08F8B8F1000F29DD002C52
:105808000BF1010B40F34582DAF80070002F40F0ED
:105818009780012C0AD05146012251F8047F531C6D
:10582800002F40F08F809C421A46F6D1059B002B32
:105838000BDD012B00F09781022B06D1621E5AF86E
:10584800223003F03F034AF82230B8F1020F00F08B
:10585800D7800021304601F097FC002800F0A18095
:10586800049B671EBB420FDC002204F18043013B0E
:1058780008980AEB830353F80419834242EA0102A9
:10588800F9D1002A40F0DC80049B013B5AF8233010
:10589800002B40F0C9804FF001080A9B53F80429F7
:1058A80008F10108002AF9D008EB040304F1010902
:1058B8009945069339DC099A079909EB020602EB28
:1058C800030B06F18046679B013E03EB860648AB57
:1058D80003EB8909679B0C4403EB8B0320A901EBBD
:1058E8008404029356F8040FFEF7C2FF2746019B73
:1058F80047F8040B002B1ADBDDF80CB04FF000085A
:10590800043C01E054F804095BF8041FFFF704F8AD
:1059180001464046FEF7F8FEAB458046F2D1029BB1
:1059280049F8048B9E423C46DCD1069C05E74FF0C3
:105938000008029B49F8048B9E423C46D2D1F4E70A
:1059480001230022C7F580779C424AF822700EDDB9
:1059580002995AF82320514489460AEB830300E050
:105968001A68C2F1FF0243F8042B4B45F8D101270E
:105978005CE707D1631E5AF823304FEA23283BE738
:10598800DCAB00004FF07C5101F01CFC002840F01B
:10599800798180460021304601F0F6FB00287FF42B
:1059A8005FAF059B30465942CDF8088000F072FA87
:1059B8004FF08741054601F005FC002800F06B8197
:1059C8004FF06E512846FEF7A7FFFFF7F5F8FEF7F0
:1059D8004FFF4FF087410646FEF79EFF01462846D7
:1059E800FEF790FEFFF7E8F84AF824003046FFF784
:1059F800E3F8059B671C083305934AF8270033E052
:105A080031464FF07E50FEF77DFE0646002F3FF4EC
:105A180020AF05994FF07E5000F03CFA0146304621
:105A2800FEF770FE064614E74FF001083CE7CB4648
:105A380047F804BB474506F104067FF455AE6DE60A
:105A4800059A5AF82730083ACDF8088005925BB9CC
:105A580007F18043013B0AEB830353F80419013F24
:105A6800083A0029F9D0059205994FF07E5000F0C8
:105A780011FA002F0446C0F22C814FF06E564FEAFF
:105A8800870848AA08F10403904406930AEB03091F
:105A980008F1040559F8040DFEF7EAFE2146FEF761
:105AA8003BFF314645F8040D2046FEF735FFD1454A
:105AB8000446EFD134AB00269A467A1CDDF81090E4
:105AC8000393A8F104080192CDF814B00497B9F132
:105AD800000FC0F2D5808D4DC3468D4800270024A5
:105AE80003E0B4420DDC55F8040F5BF8041FFEF721
:105AF80013FF01463846FEF707FE0134A145074665
:105B0800EFDA019B01369E424AF8047BA8F10408AB
:105B1800DDD1DDE9047B669B032B1FD8DFE803F0AA
:105B28009A87872B029B0020002B40F0BB800B9BA1
:105B3800014618603498FEF7E5FD002F0CDD0124BE
:105B480034AD013455F8041FFEF7DEFDA742F8DA3C
:105B5800029B002B40F0B1800B9B58600BF00700B4
:105B68005DB0BDE8F08F621E5AF8223003F07F0363
:105B78004AF8223069E6002F40F3C580BD005CABCF
:105B88002B4453F8A08C34AB9A4603935C1954F811
:105B9800049C41464846FEF7B7FD0646014648467E
:105BA800FEF7B0FD4146FEF7AFFD206044F8046DF6
:105BB800A245B046EBD1012F40F3A580039B35AF3A
:105BC8005E1934465CAB1D4455F8A08C54F8049C0F
:105BD80041464846FEF798FD054601464846FEF709
:105BE80091FD4146FEF790FD206044F8045DA74210
:105BF800A846EBD10020039D0436083556F8041D4D
:105C0800FEF782FDB542F9D10299349A359B29B144
:105C180002F1004203F1004300F100400B99886053
:105C28000BF007000A604B605DB0BDE8F08F002FF5
:105C3800FFF678AF002034AD05EB8704043454F840
:105C4800041DFEF761FDA542F9D1029B002B3FF42C
:105C58006EAF27E0069B00201C46039D2C4454F899
:105C6800041DFEF751FDA542F9D1029B0BB100F1CD
:105C780000400B9B18600BF007005DB0BDE8F08F8B
:105C880000273EE7002C0BF1010B33DD4FF0020833
:105C9800BAE50027CAE52846FEF78EFF27464AF8E8
:105CA8002400E1E60B9A00F10043014613603498A2
:105CB800FEF728FD002F3FF742AF00F100404BE709
:105CC800331F0393079B9B000693049B9B0002933F
:105CD80024E5669B032B3FF641AF01A252F823F05F
:105CE800F95C0000375C0000375C00007F5B000057
:105CF8000020BAE731464FF07E50FEF703FD4FF023
:105D080002080646A5E500207EE700BFB0AB00000C
:105D18000000C93F2DE9F84320F00043B3F1485F84
:105D280004460F46904603DAFEF746FF002858D08F
:105D380021462046FEF7F0FD054601462046FEF7BF
:105D4800EBFD294906462846FEF7E6FD2749FEF7FA
:105D5800D9FC2946FEF7E0FD2549FEF7D5FC294682
:105D6800FEF7DAFD2349FEF7CDFC2946FEF7D4FD00
:105D78002149FEF7C9FC8146B8F1000F22D04FF047
:105D88007C513846FEF7C8FD494680463046FEF746
:105D9800C3FD01464046FEF7B5FC2946FEF7BCFDAB
:105DA8003946FEF7AFFC154905463046FEF7B4FD07
:105DB80001462846FEF7A8FC01462046FEF7A2FC4D
:105DC800BDE8F88301462846FEF7A6FD0B49FEF715
:105DD80099FC3146FEF7A0FD2146FEF795FCBDE88B
:105DE800F8832046BDE8F883D3C92E2F342FD73245
:105DF8001BEF3836010D50398988083CABAA2A3E7A
:105E08000020704720F00040704700BF2DE9F041A6
:105E180020F00047FC0D7F3C162C054618DC002CB2
:105E2800804620DB184F2741384214D01749FEF727
:105E38006BFC002101F0D0F968B1002D04DA4FF4B1
:105E4800000343FA04F4A04428EA0700BDE8F081FF
:105E5800B7F1FF4F02D22846BDE8F0810146FEF7B0
:105E680053FCBDE8F0810949FEF74EFC002101F022
:105E7800B3F90028EFD0002D01DB0020ECE7002F5C
:105E8800E9D00348E8E700BFFFFF7F00CAF2497185
:105E9800000080BF10B50C4630F00041034610D01A
:105EA800B1F1FF4F0ED2B1F5000F0FD30246C80D66
:105EB8002044FE281EDC002824DD22F0FF4242EAAE
:105EC800C05010BD0146FEF71FFC10BD4FF09841B1
:105ED800FEF722FD184A0346944207DB0246C0F348
:105EE800C7501938E4E7154800F02CF81349FEF7B5
:105EF80013FD10BD1946124800F024F81049FEF7AA
:105F08000BFD10BD10F1160F0BDA4CF25032944213
:105F18001946E8DD0A4800F015F80949FEF7FCFCC7
:105F280010BD22F0FF42193042EAC0504FF04C51E8
:105F3800FEF7F2FC10BD00BFB03CFFFF6042A20DAF
:105F4800CAF2497101F0004120F00040084370474F
:105F5800014B1868704700BF34030020002310B5B8
:105F68000446C0E90033836081814366C281C0E989
:105F780004338361194608225C3000F0C4F8054BED
:105F880024626362044BA362044BE362044B236301
:105F980010BD00BF35620000576200008F6200002C
:105FA800B3620000014900F085B800BFAD6400008D
:105FB80070B568254A1E55430E4605F1740100F078
:105FC800ABF8044640B10021C0E900160C30A060CF
:105FD80005F1680200F097F8204670BD836910B596
:105FE800044633BBC0E912330365124B124A1B68DF
:105FF8008262984204BF0123836100F01FF8606049
:10600800204600F01BF8A060204600F017F8002298
:10601800E06004216068FFF7A1FF01220921A06860
:10602800FFF79CFF02221221E068FFF797FF012388
:10603800A36110BD48AC0000AD5F0000F8B51B4B74
:1060480007461E68B36913B93046FFF7C7FF4836DD
:10605800D6E90134013B03D5336833B13668F7E735
:10606800B4F90C506DB16834F4E704213846FFF7F1
:106078009FFF30600028F1D10C2304463B60204686
:10608800F8BD0B4B6566C4E90055A560C4E9033546
:10609800C4E905550822294604F15C0000F033F8EC
:1060A800C4E90D55C4E91255E9E700BF48AC000042
:1060B8000100FFFF2DE9F84380468946002600F1DC
:1060C800480414B93046BDE8F883D4E90175013FA6
:1060D80001D52468F5E7AB89012B07D9B5F90E304E
:1060E800013303D029464046C84706436835EEE7E2
:1060F80010B5431E0A44914200D110BD11F8014B5E
:1061080003F8014FF7E703460244934200D1704772
:1061180003F8011BF9E7000070B5CD1C25F0030555
:1061280008350C2D38BF0C25002D064601DBA94289
:1061380003D90C233360002070BD00F0EFF9214A29
:106148001468214691B9204C23681BB9304600F0E9
:106158003DF820602946304600F038F8431C24D129
:106168000C233046336000F0DAF9E4E70B685B1B78
:1061780018D40B2B0FD90B60CC18CD50304600F03B
:10618800CEF904F10B00231D20F00700C31AD3D069
:106198005A42E250D0E74B688C4216BF63601360E6
:1061A8000C46EBE70C464968CCE7C41C24F0030412
:1061B800A04205D0211A304600F008F80130CFD0AF
:1061C8002560DBE7500D0020540D002038B5002372
:1061D800054C054608462360FAF724FB431C02D108
:1061E800236803B12B6038BD0C0400200EB46FF097
:1061F800004100B59CB01DAB029006900791049138
:106208000848094953F8042B0591006802A901932D
:1062180000F02CFA0022029B1A701CB05DF804EB07
:1062280003B07047340300200802FFFF10B50C4686
:10623800B1F90E1000F09AFC0028ABBF636DA3897A
:106248001B1823F48053ACBF6365A38110BD2DE9EF
:10625800F0411F468B890546DB050C46164605D5D9
:1062680002230022B1F90E1000F046F9A389324644
:1062780023F48053A381B4F90E103B462846BDE8A9
:10628800F04100F067B810B50C46B1F90E1000F0F7
:1062980033F9431CA38915BF606523F4805343F485
:1062A8008053A38118BFA38110BDB1F90E1000F06F
:1062B80063B8034610B51A785C1C3AB9013B11F86B
:1062C800012B03F8012F002AF9D110BD2346F2E76C
:1062D800034613F8012B002AFBD1181A013870471E
:1062E80030B5141E05469BB0184605DA8B234FF0CF
:1062F800FF302B601BB030BD4FF40273ADF80C308B
:106308000CBF234604F1FF33029305934FF6FF7346
:1063180000910491ADF80E3002461E9B694628464E
:1063280000F0A4F9431CBCBF8B232B60002CE1D0E8
:106338000022009B1A70DDE707B5009313460A4652
:10634800014603480068FFF7CBFF03B05DF804FB84
:106358003403002038B50546084611460022054C8E
:1063680022601A46FDF723FE431C02D1236803B1BD
:106378002B6038BD0C04002038B50023054C0546B9
:1063880008462360FDF742FE431C02D1236803B18F
:106398002B6038BD0C0400208A892DE9F0410546A0
:1063A80010070C4658D44B68002B05DC0B6C002BEF
:1063B80002DC0020BDE8F081E66A002EF9D0002357
:1063C80012F480522F68216A2B6032D0606DA38945
:1063D8005A0705D56368C01A636B0BB1236CC01AE2
:1063E80000230246E66A216A2846B047431CA3896F
:1063F80006D129681D2948D8294ACA40D60744D554
:10640800002262602269D904226004D5421C01D1AD
:106418002B6803B96065616B2F600029C9D004F14E
:106428004403994202D0284600F07AF800206063BD
:10643800C0E701232846B047411CC8D12B68002B70
:10644800C5D01D2B01D0162B01D12F60B1E7A38930
:1064580043F04003A381ADE70F69002FA9D093074C
:1064680018BF00230E6808BF4B69A6EB07080F602A
:106478008B60B8F1000F9CDD43463A46216A2846F6
:10648800A66AB047002806DCA38943F04003A3812D
:106498004FF0FF308EE70744A8EB0008E9E700BF9C
:1064A8000100402038B50B6905460C46DBB118B130
:1064B80083690BB9FFF792FD0C4B9C4209D16C68BC
:1064C800B4F90C307BB121462846BDE83840FFF7C7
:1064D80063BF074B9C4201D1AC68F1E7054B9C4276
:1064E80008BFEC68ECE7002038BD00BF08AC00002E
:1064F80028AC0000E8AB000038B505460846114650
:106508000022054C22601A46FDF73FFD431C02D1CC
:10651800236803B12B6038BD0C0400207047704716
:1065280038B50546002943D051F8043C0C1F002B10
:10653800B8BFE418FFF7F2FF1E4A1368104633B9D4
:10654800636014602846BDE83840FFF7E8BFA342FF
:106558000BD921686218934201BF1A685B68521808
:10656800226063600460EDE713465A680AB1A242EC
:10657800FAD919685818A0420BD120680144581854
:1065880082421960DED110685268014419605A606D
:10659800D8E702D90C232B60D4E7206821188A4257
:1065A80001BF116852680918216062605C60C9E720
:1065B80038BD00BF500D00202DE9F0478E68824697
:1065C8009E420C469046994637D88A8912F4906FB5
:1065D80031D00223256809696F1A656905EB4505FD
:1065E80095FBF3F509F101033B449D4238BF1D4675
:1065F800530530D52946FFF78FFD064650B90C23C1
:106608004FF0FF30CAF80030A38943F04003A3815C
:10661800BDE8F0873A462169FFF76AFDA38923F4AC
:10662800906343F08003A38126613E4426604E4672
:106638006561ED1BA5604E4500D94E463246414680
:10664800206800F0B3FAA36800209B1BA3602368AE
:106658001E442660DCE72A4600F0C1FA06460028F8
:10666800E2D121695046FFF75BFFC8E72DE9F04FFB
:106678001D468B899DB01F0680460C4616460FD5D1
:106688000B696BB94021FFF747FD2060206128B9ED
:106698000C23C8F800304FF0FF30C8E04023636196
:1066A8000023099320238DF8293030234FF0010B64
:1066B8008DF82A30039537463D4615F8013B0BB156
:1066C800252B3ED1B7EB060A0BD05346324621465E
:1066D8004046FFF771FF013000F0A480099B534446
:1066E80009933B78002B00F09D8000234FF0FF3288
:1066F800CDE90523049307938DF853301A932F4659
:10670800052217F8011B504800F042FA049BD0B943
:10671800D90644BF20228DF853201A0744BF2B22E4
:106728008DF853202A782A2A15D02F4600200A25CA
:10673800079A394611F8013B303B092B4DD9B8B1BE
:106748000FE02F46B8E7404A3D46801A0BFA00F0A2
:1067580018430490D3E7039A111D12680391002A85
:1067680001DB079204E0524243F0020307920493CC
:106778003B782E2B0CD17B782A2B33D1039B023705
:106788001A1D1B680392002BB8BF4FF0FF33059307
:106798002E4D03223978284600F0FAF938B1402303
:1067A800401B03FA00F0049B013703430493397834
:1067B800062227487E1C8DF8281000F0E9F90028E9
:1067C80038D0244B13BB039B073323F0070308334C
:1067D8000393099B4B4409936DE705FB02320120A3
:1067E8000F46A6E700230A251946013705933846C0
:1067F80010F8012B303A092A03D9002BC8D005918B
:10680800C6E705FB012101230746F0E703AB009328
:106818002246114B04A94046AFF30080B0F1FF3F78
:106828008146D6D1A3895B063FF535AF09981DB0DF
:10683800BDE8F08F03AB00932246074B04A94046FE
:1068480000F082F8EAE700BFE2A70000E8A700002E
:10685800ECA7000000000000C16500002DE9F0472A
:1068680091461F468A680B6906469342B8BF13468D
:10687800C9F8003091F843200C46DDF8208012B1A9
:106888000133C9F800302368990642BFD9F80030AF
:106898000233C9F80030256815F0060507D104F160
:1068A800190AE368D9F800209B1AAB4229DC94F84E
:1068B80043302268003318BF012392062ED404F116
:1068C800430239463046C047013021D02368E56885
:1068D80003F00603042B18BF0025D9F800204FF059
:1068E800000908BFAD1AA368226908BF25EAE57543
:1068F8009342C4BF9B1AED181A344D451AD1002093
:1069080008E00123524639463046C047013003D1DA
:106918004FF0FF30BDE8F0870135C2E73020E118BD
:1069280081F843005A1C94F845102244023382F837
:106938004310C4E70123224639463046C047013098
:10694800E6D009F10109D8E72DE9F04301F1430C3C
:106958000C46097E85B06E291746064698460C9A5D
:1069680000F0B38022D8632936D00AD8002900F075
:10697800B980582900F0838004F1420584F8421058
:1069880032E0642901D06929F6D120681368050628
:1069980003F104012AD51B681160002B03DA2D22AC
:1069A8005B4284F843206F480A2239E0732900F0DB
:1069B8009D8008D86F2920D07029DDD1236843F045
:1069C8002003236003E0752917D07829D4D17823D0
:1069D800654884F8453055E0136804F14205191DEF
:1069E8001B68116084F8423001238CE01B6810F0AA
:1069F800400F116018BF1BB2CFE713682568181D38
:106A08001060280601D51B6802E06806FBD51B88C4
:106A18006F2914BF0A2208225248002184F8431023
:106A28006568002DA560C0F29580216821F00401F9
:106A38002160002B3DD1002D40F08E806546082A4C
:106A48000BD12368DB0708D5236962689A42DEBF49
:106A5800302305F8013C05F1FF35ACEB0503236154
:106A6800CDF800803B4603AA21463046FFF7F6FEE4
:106A780001304DD14FF0FF3005B0BDE8F083394803
:106A880084F84510136821681D1D1B6815600A06E7
:106A98000BD5CA0744BF41F0200121601BB9226809
:106AA80022F0200222601022B7E74D0648BF9BB2B1
:106AB800EFE76546B3FBF2F102FB1133C35C05F85F
:106AC800013D0B460029F5D1B9E713682568181D63
:106AD8006169106028061B6801D5196002E06A0622
:106AE800FBD51980002365462361B9E71368191D92
:106AF80011601D6862680021284600F049F808B155
:106B0800401B606063682361002384F84330A7E773
:106B180023692A4639463046C0470130AAD023683F
:106B28009B0713D4E068039B9842B8BF1846A3E7B5
:106B380001234A4639463046C04701309AD00135CC
:106B4800E368039A9B1AAB42F2DCEBE7002504F1F9
:106B58001909F5E7002BACD1037804F1420584F854
:106B680042306CE7F3A7000004A8000038B50546DA
:106B7800084611460022054C22601A46FDF7AEF978
:106B8800431C02D1236803B12B6038BD0C040020DC
:106B980010B5C9B202449042034601D1002303E074
:106BA8001C7801308C42F6D1184610BD884210B5C9
:106BB80001EB020307D8421E99420AD011F8014B93
:106BC80002F8014FF8E78342F5D98118D21AD34267
:106BD80000D110BD13F8014D01F8014DF7E7F8B5E4
:106BE800074614460E4621B9BDE8F8401146FFF79E
:106BF80093BA22B9FFF794FC25462846F8BD00F061
:106C080014F8A0420FD221463846FFF785FA054608
:106C18000028F2D031462246FFF76AFA3146384654
:106C2800FFF77EFCE9E73546E7E751F8043C181F13
:106C3800002BBCBF0B58C0187047000070B54FF050
:106C4800FF0C4CF4E06C1CEA11541DBF1CEA1355F0
:106C580094EA0C0F95EA0C0F00F0DEF82C4481EA58
:106C6800030621EA4C5123EA4C5350EA013518BF78
:106C780052EA033541F4801143F4801338D0A0FB65
:106C880002CE4FF00005E1FB02E506F00042E0FB12
:106C980003E54FF00006E1FB03569CF0000F18BF18
:106CA8004EF0010EA4F1FF04B6F5007F64F54074C0
:106CB80004D25FEA4E0E6D4146EB060642EAC62153
:106CC80041EA55514FEAC52040EA5E504FEACE2EC0
:106CD800B4F1FD0C88BFBCF5E06F1ED8BEF1004FC3
:106CE80008BF5FEA500E50F1000041EB045170BD3F
:106CF80006F0004646EA010140EA020081EA030183
:106D0800B4EB5C04C2BFD4EB0C0541EA045170BD7E
:106D180041F480114FF0000E013C00F3AB8014F1F8
:106D2800360FDEBF002001F0004170BDC4F1000441
:106D3800203C35DA0C341BDC04F11404C4F12005C2
:106D480000FA05F320FA04F001FA05F240EA02001D
:106D580001F0004221F0004110EBD37021FA04F653
:106D680042EB06015EEA430E08BF20EAD37070BD0D
:106D7800C4F10C04C4F1200500FA04F320FA05F06C
:106D880001FA04F240EA020001F0004110EBD3706E
:106D980041F100015EEA430E08BF20EAD37070BDDE
:106DA800C4F1200500FA05F24EEA020E20FA04F3B7
:106DB80001FA05F243EA020321FA04F001F0004166
:106DC80021FA04F220EA020000EBD3705EEA430ED7
:106DD80008BF20EAD37070BD94F0000F0FD101F006
:106DE8000046400041EB010111F4801F08BF013C3F
:106DF800F7D041EA060195F0000F18BF704703F07D
:106E08000046520043EB030313F4801F08BF013D03
:106E1800F7D043EA0603704794EA0C0F0CEA1355BF
:106E280018BF95EA0C0F0CD050EA410618BF52EA79
:106E38004306D1D181EA030101F000414FF000007F
:106E480070BD50EA410606BF1046194652EA43068D
:106E580019D094EA0C0F02D150EA013613D195EA01
:106E68000C0F05D152EA03361CBF104619460AD149
:106E780081EA030101F0004141F0FE4141F4700153
:106E88004FF0000070BD41F0FE4141F4780170BD43
:106E980070B54FF0FF0C4CF4E06C1CEA11541DBFA8
:106EA8001CEA135594EA0C0F95EA0C0F00F0A7F8AA
:106EB800A4EB050481EA030E52EA03354FEA0131D7
:106EC80000F088804FEA03334FF0805545EA1313EA
:106ED80043EA12634FEA022245EA111545EA1065B2
:106EE8004FEA00260EF000419D4208BF964244F149
:106EF800FD0404F5407402D25B084FEA3202B61A68
:106F080065EB03055B084FEA32024FF480104FF43B
:106F1800002CB6EB020E75EB030E22BFB61A7546AF
:106F280040EA0C005B084FEA3202B6EB020E75EB42
:106F3800030E22BFB61A754640EA5C005B084FEAAA
:106F48003202B6EB020E75EB030E22BFB61A754677
:106F580040EA9C005B084FEA3202B6EB020E75EB82
:106F6800030E22BFB61A754640EADC0055EA060E43
:106F780018D04FEA051545EA16754FEA06164FEA86
:106F8800C30343EA52734FEAC2025FEA1C1CC0D132
:106F980011F4801F0BD141EA00014FF000004FF0BF
:106FA800004CB6E711F4801F04BF01430020B4F180
:106FB800FD0C88BFBCF5E06F3FF6AFAEB5EB030C38
:106FC80004BFB6EB020C5FEA500C50F1000041EB35
:106FD800045170BD0EF0004E4EEA113114EB5C0402
:106FE800C2BFD4EB0C0541EA045170BD41F48011D5
:106FF8004FF0000E013C90E645EA060E8DE60CEADD
:10700800135594EA0C0F08BF95EA0C0F3FF43BAFF9
:1070180094EA0C0F0AD150EA01347FF434AF95EAB0
:107028000C0F7FF425AF104619462CE795EA0C0F94
:1070380006D152EA03353FF4FDAE1046194622E761
:1070480050EA410618BF52EA43067FF4C5AE50EA3B
:1070580041047FF40DAF52EA43057FF4EBAE12E72B
:107068004FEA4102B2F1E04324BFB3F5001CDCF162
:10707800FE5C0DD901F0004C4FEAC0024CEA50709A
:10708800B2F1004F40EB830008BF20F001007047C9
:1070980011F0804F21D113F13872BCBF01F00040CC
:1070A800704741F480114FEA5252C2F11802C2F1FE
:1070B800200C10FA0CF320FA02F018BF40F001007F
:1070C8004FEAC1234FEAD32303FA0CFC40EA0C0031
:1070D80023FA02F34FEA4303CCE77FEA625307D16E
:1070E80050EA01331EBF4FF0FE4040F440007047A5
:1070F80001F0004040F0FE4040F40000704700BF3F
:107108004FF0FF3C06E000BF4FF0010C02E000BF6B
:107118004FF0010C4DF804CD4FEA40024FEA41030D
:107128007FEA226C18BF7FEA236C11D001B052EAC3
:10713800530C18BF90EA010F58BFB2EB030088BF89
:10714800C81738BF6FEAE17018BF40F001007047F8
:107158007FEA226C02D15FEA402C05D17FEA236CDA
:10716800E4D15FEA412CE1D05DF8040B704700BF21
:10717800844608466146FFE70FB5FFF7C9FF0028B8
:1071880048BF10F1000F0FBD4DF808EDFFF7F4FFF1
:107198000CBF012000205DF808FB00BF4DF808ED8A
:1071A800FFF7EAFF34BF012000205DF808FB00BFAD
:1071B8004DF808EDFFF7E0FF94BF012000205DF8CF
:1071C80008FB00BF4DF808EDFFF7D2FF94BF012080
:1071D80000205DF808FB00BF4DF808EDFFF7C8FF79
:1071E80034BF012000205DF808FB00BF4FEA4002D1
:1071F8004FEA41037FEA226C02D15FEA402C08D1B2
:107208007FEA236C02D15FEA412C02D14FF00000E3
:1072180070474FF0010070472DE9F0415FEA92088E
:1072280096461FD0C44600F1080601F1100356F82F
:10723800085C56F8044C2A0C270C12042D043F0451
:107248002404BCF1010C43F80C2C43F8105C03E94E
:10725800900006F1080603F11003E8D100EBC8001E
:1072680001EB08111EF0030208D0043930F9023B83
:10727800013A4FEA034341F8043FF7D1BDE8F081F2
:107288002DE9F04F930885B08DE805000E4602936E
:1072980053D01F460D46BA4600F12004039154F816
:1072A800143C54F81C0C54F8206C54F8182C83FB2C
:1072B800038980FB000182FB022386FB06674FEAF5
:1072C8006902481054F8049C54F80C8C294600EBC9
:1072D800670002EB630754F810BC54F8086C00F020
:1072E80049F8291D384600F045F889FB090188FB53
:1072F80008898BFB0B2386FB06674FEA69004E1053
:1073080000EB630005F1080106EB670600F032F8B0
:1073180005F10C01304600F02DF8BAF1010A04F12C
:10732800200405F11005BAD1009B029A1946039E64
:1073380001EB4213009306EB0216019B13F00305C1
:1073480015D0009C083454F8040C54F8082C80FB21
:10735800000182FB0223481000EB6300314600F075
:1073680009F8013D06F1040604F10804EBD105B063
:10737800BDE8F08F002871DD2DE9F04DB0FA80F5F9
:107388006E1E16F001071ABFAB1E00FA03F400FACE
:1073980006F420468846FDF76BFA4FF04051FDF79A
:1073A800BBFA431030484FF09D41C01AFDF7B4FABC
:1073B800FDF702FC80FB00AB4FEADA724FEA640E7D
:1073C80042EA4B0282FB0E23D20F42EA4302C2F189
:1073D800405280FB0201C20F42EA4102930083FB44
:1073E80003AB4FEADA7040EA4B008EFB0001C20F94
:1073F80042EA4102C2F1405283FB0223D20F42EA21
:107408004302930083FB0301C00F40EA41008EFB57
:107418000001C20F42EA4102C2F1405283FB02233B
:10742800D00F40EA4300800084FB0001C30F43EA09
:1074380041035B0057B1023D05EBD5756D102B413B
:10744800C8F80030002040B2BDE8F08D7610334116
:10745800C8F80030002040B2BDE8F08D0023FF20BE
:107468000B6040B2704700BFDF59375F53746163E8
:107478006B206672616D653A0A0000002052302068
:107488003D2020253038580A0000000020523120C5
:107498003D2020253038580A0000000020523220B4
:1074A8003D2020253038580A0000000020523320A3
:1074B8003D2020253038580A000000002052313283
:1074C800203D20253038580A00000000204C52206A
:1074D8003D2020253038580A000000002050432065
:1074E8003D2020253038580A000000002050535213
:1074F800203D20253038580A000000004653522FFE
:107508004641523A0A0000002043465352203D208B
:1075180020253038580A00002048465352203D2084
:1075280020253038580A00002044465352203D2078
:1075380020253038580A00002041465352203D206B
:1075480020253038580A0000204D4D464152203D34
:1075580020253038580A00002042464152203D205C
:1075680020253038580A00004D6973630A0000006E
:10757800204C522F4558435F52455455524E3D209A
:10758800253038580A0000005B486172644661750E
:107598006C745D0A000000005B4275734661756C8F
:1075A800745D0A005B55736167654661756C745D4F
:1075B8000A0000002D302E253034640025642E2565
:1075C800303464006164695F554152545F496E69A3
:1075D800742829206661696C656400006164695FCC
:1075E800554152545F53657447656E6572696353BC
:1075F800657474696E67732829206661696C6564AF
:10760800000000006164695F554152545F456E6136
:10761800626C65287472756529206661696C656499
:107628000000000025733B00496D706564616E635E
:1076380065204D6561737572656D656E7420464190
:10764800494C4544000000006D61676E69747564BB
:107658006573000025733A00200D0A00496D7065B6
:1076680064616E6365204D6561737572656D656EE5
:10767800740000006E756D626572206F66206D651E
:1076880061737572657320697320300A0000000009
:107698006D61676E6974756465733A200000000057
:1076A8004641494C454420544941204D6561737514
:1076B80072656D656E7400004641494C4544204929
:1076C8006D706564616E6365204D65617375726583
:1076D8006D656E74000000002C0000000D0A0000AB
:1076E8002E2E2F7372632F4F70656E4549542E638B
:1076F8003A313138323A20496E6974002E2E2F7390
:1077080072632F4F70656E4549542E633A31313894
:10771800383A206164695F4146455F536574526336
:10772800616C00002E2E2F7372632F4F70656E45AB
:1077380049542E633A313139323A206164695F41E4
:1077480046455F5365745469610000002E2E2F73FF
:1077580072632F4F70656E4549542E633A31313943
:10776800383A206164695F4146455F506F776572BA
:10777800557000006164695F4146455F54656D70EE
:1077880053656E734368616E43616C006164695F41
:107798004146455F4175784368616E43616C0000FE
:1077A8002E2E2F7372632F4F70656E4549542E63CA
:1077B8003A313231393A206164695F4146455F4563
:1077C80078636974654368616E506F776572557048
:1077D800000000002E2E2F7372632F4F70656E45C8
:1077E80049542E633A313232363A206164695F4136
:1077F80046455F5265616443616C69627261746990
:107808006F6E52656769737465722C206761696E63
:10781800000000002E2E2F7372632F4F70656E4587
:1078280049542E633A313233303A206164695F41FA
:1078380046455F577269746543616C696272617429
:10784800696F6E52656769737465722C2067616928
:107858006E0000002E2E2F7372632F4F70656E45D9
:1078680049542E633A313233343A206164695F41B6
:1078780046455F5265616443616C6962726174690F
:107888006F6E52656769737465722C206F666673D4
:10789800657400002E2E2F7372632F4F70656E452E
:1078A80049542E633A313233383A206164695F4172
:1078B80046455F577269746543616C6962726174A9
:1078C800696F6E52656769737465722C206F66669E
:1078D800736574006164695F4750494F5F5365740D
:1078E800496E707574456E61626C6520286C6564BC
:1078F8005F444953504C4159290000006164695F55
:107908004750494F5F5365744F7574707574456E71
:1079180061626C652028312E3529204641494C4545
:10792800442000006164695F4750494F5F536574A4
:107938004F7574707574456E61626C652028312EC0
:10794800313129204641494C454400006164695F52
:107958004750494F5F5365744F7574707574456E21
:1079680061626C652028332E313229204641494C0A
:10797800454420006164695F4750494F5F5365740F
:107988004F7574707574456E61626C652028322E6F
:107998003629204641494C4544000000706F7274F6
:1079A8002074657374206661696C757265206C69F2
:1079B80073743A200000000050726F626C656D208D
:1079C800776974682073657474696E672070756C64
:1079D8006C20757020656E61626C65002564202ED0
:1079E8002025642C200000006164695F4750494FDE
:1079F8005F496E69740000006164695F4146455FD4
:107A0800496E6974000000006164695F4146455F22
:107A1800506F7765725570006164695F4146455FD4
:107A28004578636974654368616E506F7765725510
:107A3800700000006164695F4146455F54696143B5
:107A480068616E43616C00006164695F4146455F2F
:107A58004578636974654368616E43616C41747409
:107A6800656E00004146452050524F424C454D211D
:107A78002000000046494E49534845442053455488
:107A8800205550200A000000496E6974000000006B
:107A98006164695F4146455F5365745263616C0078
:107AA8006164695F4146455F5365745469610000CC
:107AB8006164695F4146455F5265616443616C6911
:107AC80062726174696F6E52656769737465722C4E
:107AD800206761696E0000006164695F4146455F27
:107AE800577269746543616C6962726174696F6E1B
:107AF80052656769737465722C206761696E00004E
:107B08006164695F4146455F5265616443616C69C0
:107B180062726174696F6E52656769737465722CFD
:107B2800206F6666736574006164695F4146455FEE
:107B3800577269746543616C6962726174696F6ECA
:107B480052656769737465722C206F666673657415
:107B5800000000004146452050524F424C454D21FF
:107B68000000000053657453797374656D436C6F3E
:107B7800636B446976696465722829206661696C5B
:107B8800656400002E2E2F7372632F4F70656E454B
:107B980049542E633A3239313A20756172745F491B
:107BA8006E6974000A2A2A2A2A2A2A2A2A2A2A2AAA
:107BB8002A2A2A2A2A2A2A2A0A0000004F70656ED1
:107BC8004549543A0A00000050726573733A0A2016
:107BD8006120666F722054696D652D536572696501
:107BE800732C0A206220666F722042696F696D707B
:107BF8006564616E6365205370656374726F736347
:107C08006F70792C0A206320666F7220496D616756
:107C1800696E6720666F6C6C6F7765642062792087
:107C280072657475726E206B65792E0A000000000B
:107C38002A2A2A2A2A2A2A2A2A2A2A2A2A2A2A2A9C
:107C48002A2A2A0A000000004D4F444520313A20D4
:107C580054696D652053657269657320496D706557
:107C680064616E636520646174610A004D4F444528
:107C780020323A2042696F696D706564616E636590
:107C8800205370656374726F73636F70790A0000B4
:107C98004D4F444520333A20496D6167696E670A44
:107CA800000000004D4F444520343A204269706F6F
:107CB8006C617220496D6167696E672866617374CB
:107CC800657220666F722074616E6B207068616ED9
:107CD800746F6D73290A00004D4F444520353A20D2
:107CE8004269706F6C61722054696D652D7365729D
:107CF800696573290A00000050726573732061205A
:107D0800666F722054696D652D5365726965732CB1
:107D1800206220666F722042696F696D70656461C8
:107D28006E6365205370656374726F73636F7079E7
:107D38002C206320666F7220496D6167696E672029
:107D4800666F6C6C6F7765642062792072657475F4
:107D5800726E206B65792E0A00000000436F6D700B
:107D68006C6574656420496E697469616C697A61CF
:107D780074696F6E0A0A00006E6F206D6F6465206B
:107D880063686F73656E0A0032303000353030003A
:107D980038303000313030300000000032303030C0
:107DA800000000003530303000000000383030303E
:107DB8000000000031303030300000003135303004
:107DC80030000000323030303000000033303030C6
:107DD80030000000343030303000000035303030B2
:107DE800300000003630303030000000373030309E
:107DF800300000004641494C3A2000000A0D0000BE
:107E08006164695F5744545F496E697420666169AB
:107E18006C65642C20796F752772652070726F62AB
:107E280061626C792063616C6C696E67206974208B
:107E380074776963650000006164695F5744545F43
:107E4800536574456E61626C65206661696C656432
:107E5800000000006164695F5744545F556E496EC5
:107E68006974206661696C656400000073717274DE
:107E7800660000007C000600000800AA3E0600001C
:107E8800F00F03807E080900F00E028002000082D5
:107E9800E8000900010F008811880086000800AA80
:107EA800020000A03E060000F00F03807E080900D3
:107EB800F00E028002000082700006001188008621
:107EC8003E060000F00F03807E080900F00E0280D5
:107ED8000200008222000800000000A0020000A0AA
:107EE800003000863E060000F00F03807E0809007F
:107EF800F00E02800200008274000700000000A05B
:107F08001E0000A03E060000F00F03807E08090056
:107F1800F00E02800200008226000700000000A088
:107F2800190000A03E060000F00F03807E0809003B
:107F3800F00E028002000082E80008001188008626
:107F4800E70800AA180000A03E060000F00F038012
:107F58007E080900F00E0280020000825000030033
:107F6800F00E02803E06000002000082D3001500D9
:107F7800187800843E0600001A0300A03E060000A0
:107F8800B00103807E080900B0000280000300A051
:107F9800180300A03E060000B00103807E08090017
:107FA800B0000280000300A0190300A03E060000F4
:107FB800B00103807E080900B0000280000300A021
:107FC80002000082CA000F00187800843E060000F4
:107FD8001C0300A03E060000B00103807E080900D3
:107FE800B0000280000300A01D0300A03E060000B0
:107FF800B00103807E080900B0000280000300A0E1
:1080080002000082FC00080010000880FE7C0000CE
:1080180030000480FEE10400300002807E38010058
:10802800B0000280020000820000024040000240CE
:1080380080000240C00002400001024031000100FF
:10804800810013000100F702040003000B0208007E
:108058000100AE0003000100930302000100AE001E
:1080680001000100AE00010003000B020100010045
:1080780005050100010000000100010000000100E9
:1080880001000000010001000000010001000000E3
:1080980011000300A3060A0003000B0207000200F8
:1080A8009A0203000300EF0402000200B405010075
:1080B8000200B40501000100DA02000000104300CC
:1080C8000000000000000000C800000000000000E0
:1080D800F401000000000000200300000000000080
:1080E800E803000000000000D007000000000000C6
:1080F8008813000000000000401F0000000000007E
:108108001027000000000000983A0000000000005E
:10811800204E000000000000307500000000000044
:10812800409C00000000000050C300000000000058
:1081380060EA00000000000070110100000000006B
:1081480000001000110001000000100012000200E1
:1081580000001000130003000000100014000400C9
:1081680000001000150005000000100016000600B1
:108178000000100017000700000010001800080099
:108188000000100019000900000010001A000A0081
:10819800000010001B000B00000010001C000C0069
:1081A800000010001D000D00000010001E000E0051
:1081B800000010001F000F00000010000100110057
:1081C800000010000200120000001000030013005D
:1081D8000000100004001400000010000500150045
:1081E800000010000600160000001000070017002D
:1081F8000000100008001800000010000900190015
:10820800000010000A001A00000010000B001B00FC
:10821800000010000C001C00000010000D001D00E4
:10822800000010000E001E00000010000F001F00CC
:1082380001001100100000000100110012000200EE
:1082480001001100130003000100110014000400D4
:1082580001001100150005000100110016000600BC
:1082680001001100170007000100110018000800A4
:108278000100110019000900010011001A000A008C
:10828800010011001B000B00010011001C000C0074
:10829800010011001D000D00010011001E000E005C
:1082A800010011001F000F00010011000000100064
:1082B8000100110002001200010011000300130068
:1082C8000100110004001400010011000500150050
:1082D8000100110006001600010011000700170038
:1082E8000100110008001800010011000900190020
:1082F800010011000A001A00010011000B001B0008
:10830800010011000C001C00010011000D001D00EF
:10831800010011000E001E00010011000F001F00D7
:1083280002001200100000000200120011000100FB
:1083380002001200130003000200120014000400DF
:1083480002001200150005000200120016000600C7
:1083580002001200170007000200120018000800AF
:108368000200120019000900020012001A000A0097
:10837800020012001B000B00020012001C000C007F
:10838800020012001D000D00020012001E000E0067
:10839800020012001F000F0002001200000010006F
:1083A8000200120001001100020012000300130075
:1083B800020012000400140002001200050015005B
:1083C8000200120006001600020012000700170043
:1083D800020012000800180002001200090019002B
:1083E800020012000A001A00020012000B001B0013
:1083F800020012000C001C00020012000D001D00FB
:10840800020012000E001E00020012000F001F00E2
:108418000300130010000000030013001100010006
:1084280003001300120002000300130014000400EC
:1084380003001300150005000300130016000600D2
:1084480003001300170007000300130018000800BA
:108458000300130019000900030013001A000A00A2
:10846800030013001B000B00030013001C000C008A
:10847800030013001D000D00030013001E000E0072
:10848800030013001F000F0003001300000010007A
:108498000300130001001100030013000200120082
:1084A8000300130004001400030013000500150066
:1084B800030013000600160003001300070017004E
:1084C8000300130008001800030013000900190036
:1084D800030013000A001A00030013000B001B001E
:1084E800030013000C001C00030013000D001D0006
:1084F800030013000E001E00030013000F001F00EE
:108508000400140010000000040014001100010011
:1085180004001400120002000400140013000300F9
:1085280004001400150005000400140016000600DD
:1085380004001400170007000400140018000800C5
:108548000400140019000900040014001A000A00AD
:10855800040014001B000B00040014001C000C0095
:10856800040014001D000D00040014001E000E007D
:10857800040014001F000F00040014000000100085
:10858800040014000100110004001400020012008D
:108598000400140003001300040014000500150073
:1085A8000400140006001600040014000700170059
:1085B8000400140008001800040014000900190041
:1085C800040014000A001A00040014000B001B0029
:1085D800040014000C001C00040014000D001D0011
:1085E800040014000E001E00040014000F001F00F9
:1085F800050015001000000005001500110001001D
:108608000500150012000200050015001300030004
:1086180005001500140004000500150016000600EA
:1086280005001500170007000500150018000800D0
:108638000500150019000900050015001A000A00B8
:10864800050015001B000B00050015001C000C00A0
:10865800050015001D000D00050015001E000E0088
:10866800050015001F000F00050015000000100090
:108678000500150001001100050015000200120098
:108688000500150003001300050015000400140080
:108698000500150006001600050015000700170064
:1086A800050015000800180005001500090019004C
:1086B800050015000A001A00050015000B001B0034
:1086C800050015000C001C00050015000D001D001C
:1086D800050015000E001E00050015000F001F0004
:1086E8000600160010000000060016001100010028
:1086F8000600160012000200060016001300030010
:1087080006001600140004000600160015000500F7
:1087180006001600170007000600160018000800DB
:108728000600160019000900060016001A000A00C3
:10873800060016001B000B00060016001C000C00AB
:10874800060016001D000D00060016001E000E0093
:10875800060016001F000F0006001600000010009B
:1087680006001600010011000600160002001200A3
:10877800060016000300130006001600040014008B
:108788000600160005001500060016000700170071
:108798000600160008001800060016000900190057
:1087A800060016000A001A00060016000B001B003F
:1087B800060016000C001C00060016000D001D0027
:1087C800060016000E001E00060016000F001F000F
:1087D8000700170010000000070017001100010033
:1087E800070017001200020007001700130003001B
:1087F8000700170014000400070017001500050003
:1088080007001700160006000700170018000800E8
:108818000700170019000900070017001A000A00CE
:10882800070017001B000B00070017001C000C00B6
:10883800070017001D000D00070017001E000E009E
:10884800070017001F000F000700170000001000A6
:1088580007001700010011000700170002001200AE
:108868000700170003001300070017000400140096
:10887800070017000500150007001700060016007E
:108888000700170008001800070017000900190062
:10889800070017000A001A00070017000B001B004A
:1088A800070017000C001C00070017000D001D0032
:1088B800070017000E001E00070017000F001F001A
:1088C800080018001000000008001800110001003E
:1088D8000800180012000200080018001300030026
:1088E800080018001400040008001800150005000E
:1088F80008001800160006000800180017000700F6
:108908000800180019000900080018001A000A00D9
:10891800080018001B000B00080018001C000C00C1
:10892800080018001D000D00080018001E000E00A9
:10893800080018001F000F000800180000001000B1
:1089480008001800010011000800180002001200B9
:1089580008001800030013000800180004001400A1
:108968000800180005001500080018000600160089
:10897800080018000700170008001800090019006F
:10898800080018000A001A00080018000B001B0055
:10899800080018000C001C00080018000D001D003D
:1089A800080018000E001E00080018000F001F0025
:1089B8000900190010000000090019001100010049
:1089C8000900190012000200090019001300030031
:1089D8000900190014000400090019001500050019
:1089E8000900190016000600090019001700070001
:1089F8000900190018000800090019001A000A00E7
:108A0800090019001B000B00090019001C000C00CC
:108A1800090019001D000D00090019001E000E00B4
:108A2800090019001F000F000900190000001000BC
:108A380009001900010011000900190002001200C4
:108A480009001900030013000900190004001400AC
:108A58000900190005001500090019000600160094
:108A6800090019000700170009001900080018007C
:108A7800090019000A001A00090019000B001B0060
:108A8800090019000C001C00090019000D001D0048
:108A9800090019000E001E00090019000F001F0030
:108AA8000A001A00100000000A001A001100010054
:108AB8000A001A00120002000A001A00130003003C
:108AC8000A001A00140004000A001A001500050024
:108AD8000A001A00160006000A001A00170007000C
:108AE8000A001A00180008000A001A0019000900F4
:108AF8000A001A001B000B000A001A001C000C00D8
:108B08000A001A001D000D000A001A001E000E00BF
:108B18000A001A001F000F000A001A0000001000C7
:108B28000A001A00010011000A001A0002001200CF
:108B38000A001A00030013000A001A0004001400B7
:108B48000A001A00050015000A001A00060016009F
:108B58000A001A00070017000A001A000800180087
:108B68000A001A00090019000A001A000B001B006D
:108B78000A001A000C001C000A001A000D001D0053
:108B88000A001A000E001E000A001A000F001F003B
:108B98000B001B00100000000B001B00110001005F
:108BA8000B001B00120002000B001B001300030047
:108BB8000B001B00140004000B001B00150005002F
:108BC8000B001B00160006000B001B001700070017
:108BD8000B001B00180008000B001B0019000900FF
:108BE8000B001B001A000A000B001B001C000C00E5
:108BF8000B001B001D000D000B001B001E000E00CB
:108C08000B001B001F000F000B001B0000001000D2
:108C18000B001B00010011000B001B0002001200DA
:108C28000B001B00030013000B001B0004001400C2
:108C38000B001B00050015000B001B0006001600AA
:108C48000B001B00070017000B001B000800180092
:108C58000B001B00090019000B001B000A001A007A
:108C68000B001B000C001C000B001B000D001D005E
:108C78000B001B000E001E000B001B000F001F0046
:108C88000C001C00100000000C001C00110001006A
:108C98000C001C00120002000C001C001300030052
:108CA8000C001C00140004000C001C00150005003A
:108CB8000C001C00160006000C001C001700070022
:108CC8000C001C00180008000C001C00190009000A
:108CD8000C001C001A000A000C001C001B000B00F2
:108CE8000C001C001D000D000C001C001E000E00D6
:108CF8000C001C001F000F000C001C0000001000DE
:108D08000C001C00010011000C001C0002001200E5
:108D18000C001C00030013000C001C0004001400CD
:108D28000C001C00050015000C001C0006001600B5
:108D38000C001C00070017000C001C00080018009D
:108D48000C001C00090019000C001C000A001A0085
:108D58000C001C000B001B000C001C000D001D006B
:108D68000C001C000E001E000C001C000F001F0051
:108D78000D001D00100000000D001D001100010075
:108D88000D001D00120002000D001D00130003005D
:108D98000D001D00140004000D001D001500050045
:108DA8000D001D00160006000D001D00170007002D
:108DB8000D001D00180008000D001D001900090015
:108DC8000D001D001A000A000D001D001B000B00FD
:108DD8000D001D001C000C000D001D001E000E00E3
:108DE8000D001D001F000F000D001D0000001000E9
:108DF8000D001D00010011000D001D0002001200F1
:108E08000D001D00030013000D001D0004001400D8
:108E18000D001D00050015000D001D0006001600C0
:108E28000D001D00070017000D001D0008001800A8
:108E38000D001D00090019000D001D000A001A0090
:108E48000D001D000B001B000D001D000C001C0078
:108E58000D001D000E001E000D001D000F001F005C
:108E68000E001E00100000000E001E001100010080
:108E78000E001E00120002000E001E001300030068
:108E88000E001E00140004000E001E001500050050
:108E98000E001E00160006000E001E001700070038
:108EA8000E001E00180008000E001E001900090020
:108EB8000E001E001A000A000E001E001B000B0008
:108EC8000E001E001C000C000E001E001D000D00F0
:108ED8000E001E001F000F000E001E0000001000F4
:108EE8000E001E00010011000E001E0002001200FC
:108EF8000E001E00030013000E001E0004001400E4
:108F08000E001E00050015000E001E0006001600CB
:108F18000E001E00070017000E001E0008001800B3
:108F28000E001E00090019000E001E000A001A009B
:108F38000E001E000B001B000E001E000C001C0083
:108F48000E001E000D001D000E001E000F001F0069
:108F58000F001F00100000000F001F00110001008B
:108F68000F001F00120002000F001F001300030073
:108F78000F001F00140004000F001F00150005005B
:108F88000F001F00160006000F001F001700070043
:108F98000F001F00180008000F001F00190009002B
:108FA8000F001F001A000A000F001F001B000B0013
:108FB8000F001F001C000C000F001F001D000D00FB
:108FC8000F001F001E000E000F001F000000100001
:108FD8000F001F00010011000F001F000200120007
:108FE8000F001F00030013000F001F0004001400EF
:108FF8000F001F00050015000F001F0006001600D7
:109008000F001F00070017000F001F0008001800BE
:109018000F001F00090019000F001F000A001A00A6
:109028000F001F000B001B000F001F000C001C008E
:109038000F001F000D001D000F001F000E001E0076
:1090480010000000110001001000000012000200D2
:1090580010000000130003001000000014000400BA
:1090680010000000150005001000000016000600A2
:10907800100000001700070010000000180008008A
:109088001000000019000900100000001A000A0072
:10909800100000001B000B00100000001C000C005A
:1090A800100000001D000D00100000001E000E0042
:1090B800100000001F000F00100000000100110048
:1090C800100000000200120010000000030013004E
:1090D8001000000004001400100000000500150036
:1090E800100000000600160010000000070017001E
:1090F8001000000008001800100000000900190006
:10910800100000000A001A00100000000B001B00ED
:10911800100000000C001C00100000000D001D00D5
:10912800100000000E001E00100000000F001F00BD
:1091380011000100100000001100010012000200DF
:1091480011000100130003001100010014000400C5
:1091580011000100150005001100010016000600AD
:109168001100010017000700110001001800080095
:109178001100010019000900110001001A000A007D
:10918800110001001B000B00110001001C000C0065
:10919800110001001D000D00110001001E000E004D
:1091A800110001001F000F00110001000000100055
:1091B8001100010002001200110001000300130059
:1091C8001100010004001400110001000500150041
:1091D8001100010006001600110001000700170029
:1091E8001100010008001800110001000900190011
:1091F800110001000A001A00110001000B001B00F9
:10920800110001000C001C00110001000D001D00E0
:10921800110001000E001E00110001000F001F00C8
:1092280012000200100000001200020011000100EC
:1092380012000200130003001200020014000400D0
:1092480012000200150005001200020016000600B8
:1092580012000200170007001200020018000800A0
:109268001200020019000900120002001A000A0088
:10927800120002001B000B00120002001C000C0070
:10928800120002001D000D00120002001E000E0058
:10929800120002001F000F00120002000000100060
:1092A8001200020001001100120002000300130066
:1092B800120002000400140012000200050015004C
:1092C8001200020006001600120002000700170034
:1092D800120002000800180012000200090019001C
:1092E800120002000A001A00120002000B001B0004
:1092F800120002000C001C00120002000D001D00EC
:10930800120002000E001E00120002000F001F00D3
:1093180013000300100000001300030011000100F7
:1093280013000300120002001300030014000400DD
:1093380013000300150005001300030016000600C3
:1093480013000300170007001300030018000800AB
:109358001300030019000900130003001A000A0093
:10936800130003001B000B00130003001C000C007B
:10937800130003001D000D00130003001E000E0063
:10938800130003001F000F0013000300000010006B
:109398001300030001001100130003000200120073
:1093A8001300030004001400130003000500150057
:1093B800130003000600160013000300070017003F
:1093C8001300030008001800130003000900190027
:1093D800130003000A001A00130003000B001B000F
:1093E800130003000C001C00130003000D001D00F7
:1093F800130003000E001E00130003000F001F00DF
:109408001400040010000000140004001100010002
:1094180014000400120002001400040013000300EA
:1094280014000400150005001400040016000600CE
:1094380014000400170007001400040018000800B6
:109448001400040019000900140004001A000A009E
:10945800140004001B000B00140004001C000C0086
:10946800140004001D000D00140004001E000E006E
:10947800140004001F000F00140004000000100076
:10948800140004000100110014000400020012007E
:109498001400040003001300140004000500150064
:1094A800140004000600160014000400070017004A
:1094B8001400040008001800140004000900190032
:1094C800140004000A001A00140004000B001B001A
:1094D800140004000C001C00140004000D001D0002
:1094E800140004000E001E00140004000F001F00EA
:1094F800150005001000000015000500110001000E
:1095080015000500120002001500050013000300F5
:1095180015000500140004001500050016000600DB
:1095280015000500170007001500050018000800C1
:109538001500050019000900150005001A000A00A9
:10954800150005001B000B00150005001C000C0091
:10955800150005001D000D00150005001E000E0079
:10956800150005001F000F00150005000000100081
:109578001500050001001100150005000200120089
:109588001500050003001300150005000400140071
:109598001500050006001600150005000700170055
:1095A800150005000800180015000500090019003D
:1095B800150005000A001A00150005000B001B0025
:1095C800150005000C001C00150005000D001D000D
:1095D800150005000E001E00150005000F001F00F5
:1095E8001600060010000000160006001100010019
:1095F8001600060012000200160006001300030001
:1096080016000600140004001600060015000500E8
:1096180016000600170007001600060018000800CC
:109628001600060019000900160006001A000A00B4
:10963800160006001B000B00160006001C000C009C
:10964800160006001D000D00160006001E000E0084
:10965800160006001F000F0016000600000010008C
:109668001600060001001100160006000200120094
:10967800160006000300130016000600040014007C
:109688001600060005001500160006000700170062
:109698001600060008001800160006000900190048
:1096A800160006000A001A00160006000B001B0030
:1096B800160006000C001C00160006000D001D0018
:1096C800160006000E001E00160006000F001F0000
:1096D8001700070010000000170007001100010024
:1096E800170007001200020017000700130003000C
:1096F80017000700140004001700070015000500F4
:1097080017000700160006001700070018000800D9
:109718001700070019000900170007001A000A00BF
:10972800170007001B000B00170007001C000C00A7
:10973800170007001D000D00170007001E000E008F
:10974800170007001F000F00170007000000100097
:10975800170007000100110017000700020012009F
:109768001700070003001300170007000400140087
:10977800170007000500150017000700060016006F
:109788001700070008001800170007000900190053
:10979800170007000A001A00170007000B001B003B
:1097A800170007000C001C00170007000D001D0023
:1097B800170007000E001E00170007000F001F000B
:1097C800180008001000000018000800110001002F
:1097D8001800080012000200180008001300030017
:1097E80018000800140004001800080015000500FF
:1097F80018000800160006001800080017000700E7
:109808001800080019000900180008001A000A00CA
:10981800180008001B000B00180008001C000C00B2
:10982800180008001D000D00180008001E000E009A
:10983800180008001F000F001800080000001000A2
:1098480018000800010011001800080002001200AA
:109858001800080003001300180008000400140092
:10986800180008000500150018000800060016007A
:109878001800080007001700180008000900190060
:10988800180008000A001A00180008000B001B0046
:10989800180008000C001C00180008000D001D002E
:1098A800180008000E001E00180008000F001F0016
:1098B800190009001000000019000900110001003A
:1098C8001900090012000200190009001300030022
:1098D800190009001400040019000900150005000A
:1098E80019000900160006001900090017000700F2
:1098F8001900090018000800190009001A000A00D8
:10990800190009001B000B00190009001C000C00BD
:10991800190009001D000D00190009001E000E00A5
:10992800190009001F000F001900090000001000AD
:1099380019000900010011001900090002001200B5
:10994800190009000300130019000900040014009D
:109958001900090005001500190009000600160085
:10996800190009000700170019000900080018006D
:10997800190009000A001A00190009000B001B0051
:10998800190009000C001C00190009000D001D0039
:10999800190009000E001E00190009000F001F0021
:1099A8001A000A00100000001A000A001100010045
:1099B8001A000A00120002001A000A00130003002D
:1099C8001A000A00140004001A000A001500050015
:1099D8001A000A00160006001A000A0017000700FD
:1099E8001A000A00180008001A000A0019000900E5
:1099F8001A000A001B000B001A000A001C000C00C9
:109A08001A000A001D000D001A000A001E000E00B0
:109A18001A000A001F000F001A000A0000001000B8
:109A28001A000A00010011001A000A0002001200C0
:109A38001A000A00030013001A000A0004001400A8
:109A48001A000A00050015001A000A000600160090
:109A58001A000A00070017001A000A000800180078
:109A68001A000A00090019001A000A000B001B005E
:109A78001A000A000C001C001A000A000D001D0044
:109A88001A000A000E001E001A000A000F001F002C
:109A98001B000B00100000001B000B001100010050
:109AA8001B000B00120002001B000B001300030038
:109AB8001B000B00140004001B000B001500050020
:109AC8001B000B00160006001B000B001700070008
:109AD8001B000B00180008001B000B0019000900F0
:109AE8001B000B001A000A001B000B001C000C00D6
:109AF8001B000B001D000D001B000B001E000E00BC
:109B08001B000B001F000F001B000B0000001000C3
:109B18001B000B00010011001B000B0002001200CB
:109B28001B000B00030013001B000B0004001400B3
:109B38001B000B00050015001B000B00060016009B
:109B48001B000B00070017001B000B000800180083
:109B58001B000B00090019001B000B000A001A006B
:109B68001B000B000C001C001B000B000D001D004F
:109B78001B000B000E001E001B000B000F001F0037
:109B88001C000C00100000001C000C00110001005B
:109B98001C000C00120002001C000C001300030043
:109BA8001C000C00140004001C000C00150005002B
:109BB8001C000C00160006001C000C001700070013
:109BC8001C000C00180008001C000C0019000900FB
:109BD8001C000C001A000A001C000C001B000B00E3
:109BE8001C000C001D000D001C000C001E000E00C7
:109BF8001C000C001F000F001C000C0000001000CF
:109C08001C000C00010011001C000C0002001200D6
:109C18001C000C00030013001C000C0004001400BE
:109C28001C000C00050015001C000C0006001600A6
:109C38001C000C00070017001C000C00080018008E
:109C48001C000C00090019001C000C000A001A0076
:109C58001C000C000B001B001C000C000D001D005C
:109C68001C000C000E001E001C000C000F001F0042
:109C78001D000D00100000001D000D001100010066
:109C88001D000D00120002001D000D00130003004E
:109C98001D000D00140004001D000D001500050036
:109CA8001D000D00160006001D000D00170007001E
:109CB8001D000D00180008001D000D001900090006
:109CC8001D000D001A000A001D000D001B000B00EE
:109CD8001D000D001C000C001D000D001E000E00D4
:109CE8001D000D001F000F001D000D0000001000DA
:109CF8001D000D00010011001D000D0002001200E2
:109D08001D000D00030013001D000D0004001400C9
:109D18001D000D00050015001D000D0006001600B1
:109D28001D000D00070017001D000D000800180099
:109D38001D000D00090019001D000D000A001A0081
:109D48001D000D000B001B001D000D000C001C0069
:109D58001D000D000E001E001D000D000F001F004D
:109D68001E000E00100000001E000E001100010071
:109D78001E000E00120002001E000E001300030059
:109D88001E000E00140004001E000E001500050041
:109D98001E000E00160006001E000E001700070029
:109DA8001E000E00180008001E000E001900090011
:109DB8001E000E001A000A001E000E001B000B00F9
:109DC8001E000E001C000C001E000E001D000D00E1
:109DD8001E000E001F000F001E000E0000001000E5
:109DE8001E000E00010011001E000E0002001200ED
:109DF8001E000E00030013001E000E0004001400D5
:109E08001E000E00050015001E000E0006001600BC
:109E18001E000E00070017001E000E0008001800A4
:109E28001E000E00090019001E000E000A001A008C
:109E38001E000E000B001B001E000E000C001C0074
:109E48001E000E000D001D001E000E000F001F005A
:109E58001F000F00100000001F000F00110001007C
:109E68001F000F00120002001F000F001300030064
:109E78001F000F00140004001F000F00150005004C
:109E88001F000F00160006001F000F001700070034
:109E98001F000F00180008001F000F00190009001C
:109EA8001F000F001A000A001F000F001B000B0004
:109EB8001F000F001C000C001F000F001D000D00EC
:109EC8001F000F001E000E001F000F0000001000F2
:109ED8001F000F00010011001F000F0002001200F8
:109EE8001F000F00030013001F000F0004001400E0
:109EF8001F000F00050015001F000F0006001600C8
:109F08001F000F00070017001F000F0008001800AF
:109F18001F000F00090019001F000F000A001A0097
:109F28001F000F000B001B001F000F000C001C007F
:109F38001F000F000D001D001F000F000E001E0067
:109F480000001000120002000000100014000400BD
:109F5800000010001600060000001000180008009D
:109F6800000010001A000A00000010001C000C007D
:109F7800000010001E000E00000010000200120079
:109F88000000100004001400000010000600160075
:109F98000000100008001800000010000A001A0055
:109FA800000010000C001C00000010000E001E0035
:109FB8000200120010000000020012001400040049
:109FC8000200120016000600020012001800080025
:109FD800020012001A000A00020012001C000C0005
:109FE800020012001E000E00020012000000100005
:109FF80002001200040014000200120006001600FD
:10A008000200120008001800020012000A001A00DC
:10A01800020012000C001C00020012000E001E00BC
:10A0280004001400100000000400140012000200D4
:10A0380004001400160006000400140018000800AC
:10A04800040014001A000A00040014001C000C008C
:10A05800040014001E000E0004001400000010008C
:10A068000400140002001200040014000600160088
:10A078000400140008001800040014000A001A0064
:10A08800040014000C001C00040014000E001E0044
:10A09800060016001000000006001600120002005C
:10A0A8000600160014000400060016001800080038
:10A0B800060016001A000A00060016001C000C0014
:10A0C800060016001E000E00060016000000100014
:10A0D8000600160002001200060016000400140014
:10A0E8000600160008001800060016000A001A00EC
:10A0F800060016000C001C00060016000E001E00CC
:10A1080008001800100000000800180012000200E3
:10A1180008001800140004000800180016000600C3
:10A12800080018001A000A00080018001C000C009B
:10A13800080018001E000E0008001800000010009B
:10A14800080018000200120008001800040014009B
:10A158000800180006001600080018000A001A0077
:10A16800080018000C001C00080018000E001E0053
:10A178000A001A00100000000A001A00120002006B
:10A188000A001A00140004000A001A00160006004B
:10A198000A001A00180008000A001A001C000C0027
:10A1A8000A001A001E000E000A001A000000100023
:10A1B8000A001A00020012000A001A000400140023
:10A1C8000A001A00060016000A001A000800180003
:10A1D8000A001A000C001C000A001A000E001E00DB
:10A1E8000C001C00100000000C001C0012000200F3
:10A1F8000C001C00140004000C001C0016000600D3
:10A208000C001C00180008000C001C001A000A00B2
:10A218000C001C001E000E000C001C0000001000AA
:10A228000C001C00020012000C001C0004001400AA
:10A238000C001C00060016000C001C00080018008A
:10A248000C001C000A001A000C001C000E001E0066
:10A258000E001E00100000000E001E00120002007A
:10A268000E001E00140004000E001E00160006005A
:10A278000E001E00180008000E001E001A000A003A
:10A288000E001E001C000C000E001E000000100036
:10A298000E001E00020012000E001E000400140032
:10A2A8000E001E00060016000E001E000800180012
:10A2B8000E001E000A001A000E001E000C001C00F2
:10A2C800100000001200020010000000140004003A
:10A2D800100000001600060010000000180008001A
:10A2E800100000001A000A00100000001C000C00FA
:10A2F800100000001E000E001000000002001200F6
:10A3080010000000040014001000000006001600F1
:10A318001000000008001800100000000A001A00D1
:10A32800100000000C001C00100000000E001E00B1
:10A3380012000200100000001200020014000400C5
:10A3480012000200160006001200020018000800A1
:10A35800120002001A000A00120002001C000C0081
:10A36800120002001E000E00120002000000100081
:10A378001200020004001400120002000600160079
:10A388001200020008001800120002000A001A0059
:10A39800120002000C001C00120002000E001E0039
:10A3A8001400040010000000140004001200020051
:10A3B8001400040016000600140004001800080029
:10A3C800140004001A000A00140004001C000C0009
:10A3D800140004001E000E00140004000000100009
:10A3E8001400040002001200140004000600160005
:10A3F8001400040008001800140004000A001A00E1
:10A40800140004000C001C00140004000E001E00C0
:10A4180016000600100000001600060012000200D8
:10A4280016000600140004001600060018000800B4
:10A43800160006001A000A00160006001C000C0090
:10A44800160006001E000E00160006000000100090
:10A458001600060002001200160006000400140090
:10A468001600060008001800160006000A001A0068
:10A47800160006000C001C00160006000E001E0048
:10A488001800080010000000180008001200020060
:10A498001800080014000400180008001600060040
:10A4A800180008001A000A00180008001C000C0018
:10A4B800180008001E000E00180008000000100018
:10A4C8001800080002001200180008000400140018
:10A4D8001800080006001600180008000A001A00F4
:10A4E800180008000C001C00180008000E001E00D0
:10A4F8001A000A00100000001A000A0012000200E8
:10A508001A000A00140004001A000A0016000600C7
:10A518001A000A00180008001A000A001C000C00A3
:10A528001A000A001E000E001A000A00000010009F
:10A538001A000A00020012001A000A00040014009F
:10A548001A000A00060016001A000A00080018007F
:10A558001A000A000C001C001A000A000E001E0057
:10A568001C000C00100000001C000C00120002006F
:10A578001C000C00140004001C000C00160006004F
:10A588001C000C00180008001C000C001A000A002F
:10A598001C000C001E000E001C000C000000100027
:10A5A8001C000C00020012001C000C000400140027
:10A5B8001C000C00060016001C000C000800180007
:10A5C8001C000C000A001A001C000C000E001E00E3
:10A5D8001E000E00100000001E000E0012000200F7
:10A5E8001E000E00140004001E000E0016000600D7
:10A5F8001E000E00180008001E000E001A000A00B7
:10A608001E000E001C000C001E000E0000001000B2
:10A618001E000E00020012001E000E0004001400AE
:10A628001E000E00060016001E000E00080018008E
:10A638001E000E000A001A001E000E000C001C006E
:10A6480000001000140004000000100018000800AA
:10A65800000010001C000C00000010000400140092
:10A668000000100008001800000010000C001C007A
:10A678000400140010000000040014001800080072
:10A68800040014001C000C0004001400000010005A
:10A698000400140008001800040014000C001C003A
:10A6A800080018001000000008001800140004003A
:10A6B800080018001C000C0008001800000010001A
:10A6C8000800180004001400080018000C001C0002
:10A6D8000C001C00100000000C001C0014000400FA
:10A6E8000C001C00180008000C001C0000001000E2
:10A6F8000C001C00040014000C001C0008001800CA
:10A7080010000000140004001000000018000800E9
:10A71800100000001C000C001000000004001400D1
:10A728001000000008001800100000000C001C00B9
:10A7380014000400100000001400040018000800B1
:10A74800140004001C000C00140004000000100099
:10A758001400040008001800140004000C001C0079
:10A768001800080010000000180008001400040079
:10A77800180008001C000C00180008000000100059
:10A788001800080004001400180008000C001C0041
:10A798001C000C00100000001C000C001400040039
:10A7A8001C000C00180008001C000C000000100021
:10A7B8001C000C00040014001C000C000800180009
:10A7C8003A73656D69686F7374696E672D66656144
:10A7D8007475726573003A747400232D302B200051
:10A7E800686C4C0065666745464700303132333443
:10A7F80035363738394142434445460030313233E3
:10A8080034353637383961626364656600000000A4
:10A81800000FC93F000F494000CB9640000FC940C8
:10A828000053FB4000CB164100ED2F41000F49417A
:10A838000031624100537B41003A8A4100CB964186
:10A84800005CA34100EDAF41007EBC41000FC9414F
:10A8580000A0D5410031E24100C2EE410053FB4166
:10A8680000F20342003A0A420083104200CB16422B
:10A8780000141D42005C234200A5294200ED2F422E
:10A8880000363642007E3C4200C74242000F494231
:10A89800A2000000F9000000830000006E00000024
:10A8A8004E000000440000001500000029000000D0
:10A8B800FC0000002700000057000000D100000045
:10A8C800F500000034000000DD000000C0000000BA
:10A8D800DB00000062000000950000009900000005
:10A8E8003C00000043000000900000004100000010
:10A8F800FE0000005100000063000000AB000000F3
:10A90800DE000000BB000000C50000006100000080
:10A91800B7000000240000006E0000003A000000AC
:10A92800420000004D000000D2000000E0000000DE
:10A9380006000000490000002E000000EA000000A8
:10A9480009000000D1000000920000001C00000077
:10A95800FE0000001D000000EB0000001C000000CD
:10A96800B100000029000000A70000003E00000020
:10A97800E80000008200000035000000F50000003B
:10A988002E000000BB00000044000000840000000E
:10A99800E90000009C000000700000002600000094
:10A9A800B40000005F0000007E00000041000000CD
:10A9B8003900000091000000D600000039000000B6
:10A9C800830000005300000039000000F40000007C
:10A9D8009C000000840000005F0000008B00000065
:10A9E800BD000000F9000000280000003B00000046
:10A9F8001F000000F800000097000000FF000000A2
:10AA0800DE00000005000000980000000F000000B4
:10AA1800EF0000002F000000110000008B00000074
:10AA28005A0000000A0000006D0000001F0000002E
:10AA38006D000000360000007E000000CF0000001E
:10AA480027000000CB00000009000000B70000004C
:10AA58004F000000460000003F00000066000000B4
:10AA68009E0000005F000000EA0000002D000000CA
:10AA78007500000027000000BA000000C7000000B1
:10AA8800EB000000E5000000F10000007B00000082
:10AA98003D0000000700000039000000F70000003A
:10AAA8008A0000005200000092000000EA00000046
:10AAB8006B000000FB0000005F000000B100000018
:10AAC8001F0000008D0000005D000000080000006D
:10AAD800560000000300000030000000460000009F
:10AAE800FC0000007B0000006B000000AB000000D1
:10AAF800F0000000CF000000BC00000020000000B3
:10AB08009A000000F4000000360000001D0000005C
:10AB1800A9000000E30000009100000061000000AF
:10AB28005E000000E60000001B00000008000000B6
:10AB38006500000099000000850000005F0000002B
:10AB480014000000A00000006800000040000000A1
:10AB58008D000000FF000000D80000008000000009
:10AB68004D000000730000002700000031000000C5
:10AB78000600000006000000150000005600000056
:10AB8800CA00000073000000A8000000C90000000F
:10AB980060000000E20000007B000000C000000030
:10ABA8008C0000006B0000000000C93F0000F03975
:10ABB8000000DA370000A2330000842E0000502B7A
:10ABC8000000C2270000D0220000C41F0000C61BDE
:10ABD80000004417040000000700000009000000FE
:10ABE800000000000000000000000000000000005D
:10ABF800000000000000000000000000000000004D
:10AC0800000000000000000000000000000000003C
:10AC1800000000000000000000000000000000002C
:10AC2800000000000000000000000000000000001C
:10AC3800000000000000000000000000000000000C
:04AC480038030020AD
:10AC4C0078563412080400200000000000000000B8
:10AC5C000080014000000000000004000E000B000A
:10AC6C000D000000000000000000000000000000CB
:10AC7C000081014000000400000002000D000B00E8
:10AC8C00290000000000000000000000000000008F
:10AC9C0000C0014000000820004000000E00090028
:10ACAC003700000000000000000000000E00000053
:10ACBC0000500040010000000700000000000000F0
:10ACCC000000000000000000000000000000000078
:10ACDC000000000000000000907D0000947D00004A
:10ACEC00987D00009C7D0000A47D0000AC7D0000E0
:10ACFC00B47D0000BC7D0000C47D0000CC7D000054
:10AD0C00D47D0000DC7D0000E47D0000EC7D0000C3
:10AD1C00F47D0000800002408000000080000240B2
:10AD2C000001000080000240000200008000024090
:10AD3C00000400008000024000080000C000024037
:10AD4C000020000040000240008000004000024053
:10AD5C000040000040000240002000004000024083
:10AD6C0000100000400002400004000040000240BF
:10AD7C0000020000400002400001000040000240C0
:10AD8C0080000000400002404000000040000240F3
:10AD9C00100000004000024008000000400002408B
:10ADAC00040000004000024002000000400002408D
:10ADBC00010000001A001600185800843400008AA4
:10ADCC00000000980000009E000F00888877008625
:10ADDC00020000A0803E0000F04E0280800C0000BB
:10ADEC00F0CF028040230300F00E0280080200A086
:10ADFC0040060000F04E0280800C0000F0CF028074
:10AE0C0040230300F00E0280887700860200008247
:10AE1C0000000A00080200A0180800844006000088
:10AE2C00F04E0280803E0000F04F0280803E000019
:10AE3C00F00E028088770086020000824300110029
:10AE4C0088770086020000A040060000F04E0280C9
:10AE5C00800C0000F0CF028040230300F00E028033
:10AE6C00080200A040060000F04E0280803E000068
:10AE7C00F0CF028040230300F00E0280887700861A
:10AE8C000200008243001600185800843400008A27
:10AE9C00000000980000009E000F00888877008654
:10AEAC00020000A000E88000F04E0280800C000040
:10AEBC00F0CF028040230300F00E0280080200A0B5
:10AECC0040060000F04E0280800C0000F0CF0280A3
:10AEDC0040230300F00E0280887700860200008277
:10AEEC0043001300185800843400008A00000098B6
:10AEFC000000009E010F0088020000A0118800864F
:10AF0C0040060000F04E0280800C0000F0CF028062
:10AF1C0040230300F04E0280887700864006000034
:10AF2C00F0CF028040230300F00E0280020000826A
:10AF3C0043000D001188008640060000F04E028090
:10AF4C00800C0000F0CF028040230300F04E028002
:10AF5C008877008640060000F0CF02804023030073
:10AF6C00F00E028002000082FFFFFFFFFFFFFFFFD9
:10AF7C0001FFFFFF380300200000000008AC0000B8
:10AF8C0028AC0000E8AB000000000000000000004E
:10AF9C0000000000000000000000000000000000A5
:10AFAC000000000000000000000000000000000095
:10AFBC000000000000000000000000000000000085
:10AFCC000000000000000000000000000000000075
:0CAFDC00000000000000000032547698D5
:0400000300000139BF
:00000001FF
